trade_id,month,direction,route,setup_id,opportunity_id,attempt,opportunity_type,signal_bar_time,eligible_time,fill_time,exit_time,m15_background,m5_direction,m5_phase,local_regime,permission_reason,context_class,pullback_class,lifecycle_stage,lifecycle_log_reason,setup_stage,setup_origin,setup_observed_at,setup_extreme,signal_basis,optional_location,entry,sl,target,risk_distance,candidate_rr,actual_target_r,signal_close,entry_extension_r,signal_to_fill_minutes,volume,risk_usd,risk_pct,spread,slippage,commission,exit_price,exit_reason,net,mfe_r,mae_r,path_quality,same_setup_trade_count,signal_mechanical_verdict,signal_evidence,human_review_flags,plan_mechanical_verdict,plan_evidence,rule1_structure_gate,rule1_manual_note,rule2_pullback_stage,rule3_signal_timing,rule4_opportunity_identity,rule5_control_rr,five_rule_machine_verdict,result_interpretation,issue_bucket,human_choice,human_signal_bar,human_entry_method,human_reason
T001,2025_MARCH,BUY,A_HEALTHY_FIRST_RESUME,XAUUSD.s|1|1741232100|1741237200,XAUUSD.s|1|1741232100|1741237200|A1,1,首次恢复,2025.03.06 06:50:00,2025.03.06 06:55:00,2025.03.06 06:55:00,2025.03.06 09:33:48,M15_BULL,M5_BEAR,PULLBACK,INDEPENDENT_LOCAL_TREND,TACTICAL_SHADOW_REVIEW,PRIMARY_ALIGNED,HEALTHY,ENTRY_READY,HEALTHY_STRONG_ENGULF_ENTRY_READY,PRELIMINARY,PRIMARY_RECOVERY,2025.03.06 06:35,2916.36,HEALTHY_PULLBACK+FIRST_RECOVERY+STRONG_ENGULF_CLOSE,,2917.92,2914.36,2925.55,3.5600,2.1433,2.1433,2917.7200,0.0562,5,0.14,49.84,0.4984,0.20,0.00,0.00,2914.36,STOP,-49.84,1.4270,-1.0112,REAL_TICK,1,机械规则通过，需人工看图,Route、生命周期、权限、因果链和去重检查通过,信号时M5状态仍处于反向回调/未翻向，需人工判断恢复位置,计划计算通过,SL/Target方向、风险距离和成交时RR检查通过,PASS,需人工判断回调是否已演变为独立反向趋势,PASS,PASS,PASS,PASS,5/5 PASS,曾达到1R以上MFE后最终止损；只说明需要检查管理，不证明退出错误,入场信号位置待人工判断,,,,
T002,2025_MARCH,BUY,A_HEALTHY_FIRST_RESUME,XAUUSD.s|1|1741267800|1741268100,XAUUSD.s|1|1741267800|1741268100|A1,1,首次恢复,2025.03.06 13:55:00,2025.03.06 14:00:00,2025.03.06 14:00:00,2025.03.06 14:32:37,M15_BULL,M5_BULL,WEAKENING,PRIMARY_ALIGNED,ORDINARY_PAUSED,PRIMARY_ALIGNED,HEALTHY,ENTRY_READY,HEALTHY_FIRST_RECOVERY_ENTRY_READY,CONFIRMED,ALIGNED_PULLBACK,2025.03.06 13:45,2903.66,HEALTHY_PULLBACK+FIRST_RECOVERY_SIGNAL,,2906.02,2900.90,2922.70,5.1200,3.2578,3.2578,2905.7600,0.0508,5,0.09,46.08,0.4631,0.20,0.00,0.00,2900.90,STOP,-46.08,0.2031,-1.0586,REAL_TICK,1,机械规则通过,Route、生命周期、权限、因果链和去重检查通过,,计划计算通过,SL/Target方向、风险距离和成交时RR检查通过,PASS,无额外状态冲突标记,PASS,PASS,PASS,PASS,5/5 PASS,未达到1R MFE即触及结构止损,机械规则与计划均通过但亏损,,,,
T003,2025_MARCH,BUY,A_HEALTHY_FIRST_RESUME,XAUUSD.s|1|1742964000|1742967000,XAUUSD.s|1|1742964000|1742967000|A1,1,首次恢复,2025.03.26 05:55:00,2025.03.26 06:00:00,2025.03.26 06:00:00,2025.03.26 06:15:01,M15_BULL,M5_BEAR,REVERSAL,PRIMARY_PULLBACK,OPPOSITE_M5_PAUSE_NO_AUTO_COUNTER,PRIMARY_ALIGNED,HEALTHY,ENTRY_READY,HEALTHY_STRONG_ENGULF_ENTRY_READY,PRELIMINARY,PRIMARY_RECOVERY,2025.03.26 05:55,3022.96,HEALTHY_PULLBACK+FIRST_RECOVERY+STRONG_ENGULF_CLOSE,,3024.41,3020.73,3033.24,3.6800,2.3995,2.3995,3024.2800,0.0353,5,0.13,47.84,0.4830,0.20,0.00,0.00,3020.73,STOP,-47.84,0.0000,-1.0082,REAL_TICK,2,机械规则通过，需人工看图,Route、生命周期、权限、因果链和去重检查通过,信号时M5状态仍处于反向回调/未翻向，需人工判断恢复位置,计划计算通过,SL/Target方向、风险距离和成交时RR检查通过,PASS,需人工判断回调是否已演变为独立反向趋势,PASS,PASS,PASS,PASS,5/5 PASS,未达到1R MFE即触及结构止损,入场信号位置待人工判断,,,,
T004,2025_MARCH,BUY,B_COMPLEX_H2_L2,XAUUSD.s|1|1742964000|1742967000,XAUUSD.s|1|1742964000|1742967000|A2,2,第二次测试,2025.03.26 08:25:00,2025.03.26 08:30:00,2025.03.26 08:30:00,2025.03.26 10:07:27,M15_BULL,M5_BEAR,PULLBACK,PRIMARY_PULLBACK,OPPOSITE_M5_PAUSE_NO_AUTO_COUNTER,PRIMARY_ALIGNED,COMPLEX,ENTRY_READY,SECOND_TEST_STRONG_ENGULF_ENTRY_READY,PRELIMINARY,PRIMARY_RECOVERY,2025.03.26 05:55,3022.96,COMPLEX_PULLBACK+TRUE_SECOND_TEST+STRONG_ENGULF_CLOSE,,3016.15,3011.31,3026.96,4.8400,2.2335,2.2335,3015.9500,0.0413,5,0.10,48.40,0.4911,0.20,0.00,0.00,3026.96,TARGET,108.10,2.2562,-0.1612,REAL_TICK,2,机械规则通过，需人工看图,Route、生命周期、权限、因果链和去重检查通过,信号时M5状态仍处于反向回调/未翻向，需人工判断恢复位置,计划计算通过,SL/Target方向、风险距离和成交时RR检查通过,PASS,需人工判断回调是否已演变为独立反向趋势,PASS,PASS,PASS,PASS,5/5 PASS,实际目标先触及,入场信号位置待人工判断,,,,
T005,2025_MARCH,BUY,A_HEALTHY_FIRST_RESUME,XAUUSD.s|1|1742995200|1742995800,XAUUSD.s|1|1742995200|1742995800|A1,1,首次恢复,2025.03.26 13:35:00,2025.03.26 13:40:00,2025.03.26 13:40:00,2025.03.26 16:48:44,M15_BULL,M5_BULL,PULLBACK,PRIMARY_ALIGNED,PRIMARY_AND_M5_ALIGNED,PRIMARY_ALIGNED,HEALTHY,ENTRY_READY,HEALTHY_FIRST_RECOVERY_ENTRY_READY,CONFIRMED,ALIGNED_PULLBACK,2025.03.26 13:35,3021.43,HEALTHY_PULLBACK+FIRST_RECOVERY_SIGNAL,,3023.02,3019.43,3032.01,3.5900,2.5042,2.5042,3022.8300,0.0529,5,0.13,46.67,0.4684,0.20,0.00,0.00,3019.43,STOP,-46.67,2.0390,-1.0028,REAL_TICK,1,机械规则通过,Route、生命周期、权限、因果链和去重检查通过,,计划计算通过,SL/Target方向、风险距离和成交时RR检查通过,PASS,无额外状态冲突标记,PASS,PASS,PASS,PASS,5/5 PASS,曾达到2R以上MFE后最终止损；只说明需要检查管理，不证明退出错误,机械规则与计划均通过但亏损,,,,
T006,2025_MARCH,BUY,A_HEALTHY_FIRST_RESUME,XAUUSD.s|1|1743080100|1743083400,XAUUSD.s|1|1743080100|1743083400|A1,1,首次恢复,2025.03.27 16:50:00,2025.03.27 16:55:00,2025.03.27 16:55:00,2025.03.27 17:39:34,M15_BULL,M5_BEAR,RESUME,INDEPENDENT_LOCAL_TREND,TACTICAL_SHADOW_REVIEW,PRIMARY_ALIGNED,HEALTHY,ENTRY_READY,HEALTHY_FIRST_RECOVERY_ENTRY_READY,PRELIMINARY,PRIMARY_RECOVERY,2025.03.27 16:30,3033.53,HEALTHY_PULLBACK+FIRST_RECOVERY_SIGNAL,,3039.00,3031.53,3055.70,7.4700,2.2356,2.2356,3038.7900,0.0281,5,0.06,44.82,0.4519,0.20,0.00,0.00,3055.70,TARGET,100.20,2.3775,-0.1593,REAL_TICK,1,机械规则通过，需人工看图,Route、生命周期、权限、因果链和去重检查通过,信号时M5状态仍处于反向回调/未翻向，需人工判断恢复位置,计划计算通过,SL/Target方向、风险距离和成交时RR检查通过,PASS,需人工判断回调是否已演变为独立反向趋势,PASS,PASS,PASS,PASS,5/5 PASS,实际目标先触及,入场信号位置待人工判断,,,,
T007,2025_APRIL,SELL,A_HEALTHY_FIRST_RESUME,XAUUSD.s|-1|1744055100|1744056600,XAUUSD.s|-1|1744055100|1744056600|A1,1,首次恢复,2025.04.07 21:25:00,2025.04.07 21:30:00,2025.04.07 21:30:00,2025.04.07 21:38:34,M15_BEAR,M5_BULL,WEAKENING,PRIMARY_PULLBACK,OPPOSITE_M5_PAUSE_NO_AUTO_COUNTER,PRIMARY_ALIGNED,HEALTHY,ENTRY_READY,HEALTHY_FIRST_RECOVERY_ENTRY_READY,PRELIMINARY,PRIMARY_RECOVERY,2025.04.07 20:55,2974.08,HEALTHY_PULLBACK+FIRST_RECOVERY_SIGNAL,,2969.65,2976.08,2956.66,6.4300,2.0202,2.0202,2969.6500,-0.0000,5,0.07,45.01,0.4501,0.20,0.00,0.00,2976.08,STOP,-45.01,0.1353,-1.0047,REAL_TICK,1,机械规则通过，需人工看图,Route、生命周期、权限、因果链和去重检查通过,信号时M5状态仍处于反向回调/未翻向，需人工判断恢复位置,计划计算通过,SL/Target方向、风险距离和成交时RR检查通过,PASS,需人工判断回调是否已演变为独立反向趋势,PASS,PASS,PASS,PASS,5/5 PASS,未达到1R MFE即触及结构止损,入场信号位置待人工判断,,,,
T008,2025_APRIL,BUY,A_HEALTHY_FIRST_RESUME,XAUUSD.s|1|1744069200|1744069500,XAUUSD.s|1|1744069200|1744069500|A1,1,首次恢复,2025.04.08 01:25:00,2025.04.08 01:30:00,2025.04.08 01:30:00,2025.04.09 09:33:38,M15_BEAR,M5_BULL,RESUME,INDEPENDENT_LOCAL_TREND,TACTICAL_SHADOW_REVIEW,TACTICAL_LOCAL_TREND,HEALTHY,ENTRY_READY,HEALTHY_FIRST_RECOVERY_ENTRY_READY,PRELIMINARY,TACTICAL_PULLBACK,2025.04.07 23:45,2981.19,HEALTHY_PULLBACK+FIRST_RECOVERY_SIGNAL,,2985.85,2962.10,3033.97,23.7500,2.0261,2.0261,2985.6500,0.0084,5,0.02,47.50,0.4771,0.20,0.00,0.00,3033.97,TARGET,96.24,2.0745,-0.6611,REAL_TICK,1,机械规则通过，需人工看图,Route、生命周期、权限、因果链和去重检查通过,M15与M5分歧的战术局部趋势,计划计算通过,SL/Target方向、风险距离和成交时RR检查通过,PASS,无额外状态冲突标记,PASS,PASS,PASS,PASS,5/5 PASS,实际目标先触及,入场信号位置待人工判断,,,,
T009,2025_APRIL,SELL,B_COMPLEX_H2_L2,XAUUSD.s|-1|1744108500|1744115400,XAUUSD.s|-1|1744108500|1744115400|A2,2,第二次测试,2025.04.08 14:35:00,2025.04.08 14:40:00,2025.04.08 14:40:00,2025.04.08 14:53:52,M15_BEAR,M5_BULL,PULLBACK,PRIMARY_PULLBACK,OPPOSITE_M5_PAUSE_NO_AUTO_COUNTER,PRIMARY_ALIGNED,COMPLEX,ENTRY_READY,SECOND_TEST_STRONG_ENGULF_ENTRY_READY,PRELIMINARY,PRIMARY_RECOVERY,2025.04.08 12:40,3008.75,COMPLEX_PULLBACK+TRUE_SECOND_TEST+STRONG_ENGULF_CLOSE,,3010.71,3016.13,2994.91,5.4200,2.9151,2.9151,3010.5000,-0.0387,5,0.09,48.78,0.4900,0.20,0.00,0.00,3016.13,STOP,-48.78,0.2989,-1.0129,REAL_TICK,1,机械规则通过，需人工看图,Route、生命周期、权限、因果链和去重检查通过,信号时M5状态仍处于反向回调/未翻向，需人工判断恢复位置,计划计算通过,SL/Target方向、风险距离和成交时RR检查通过,PASS,需人工判断回调是否已演变为独立反向趋势,PASS,PASS,PASS,PASS,5/5 PASS,未达到1R MFE即触及结构止损,入场信号位置待人工判断,,,,
T010,2025_APRIL,BUY,B_COMPLEX_H2_L2,XAUUSD.s|1|1744874700|1744875000,XAUUSD.s|1|1744874700|1744875000|A2,2,第二次测试,2025.04.17 09:30:00,2025.04.17 09:35:00,2025.04.17 09:35:00,2025.04.17 09:44:16,M15_BULL,M5_BEAR,WEAKENING,INDEPENDENT_LOCAL_TREND,TACTICAL_SHADOW_REVIEW,PRIMARY_ALIGNED,COMPLEX,ENTRY_READY,SECOND_TEST_SIGNAL_ENTRY_READY,CONFIRMED,PRIMARY_RECOVERY,2025.04.17 07:30,3337.38,COMPLEX_PULLBACK+TRUE_SECOND_TEST+NEW_SIGNAL,,3331.35,3329.55,3344.57,1.8000,7.3444,7.3444,3331.1600,0.1056,5,0.27,48.60,0.4859,0.20,0.00,0.00,3329.55,STOP,-48.60,0.9389,-1.0000,REAL_TICK,1,机械规则通过，需人工看图,Route、生命周期、权限、因果链和去重检查通过,信号时M5状态仍处于反向回调/未翻向，需人工判断恢复位置,计划计算通过,SL/Target方向、风险距离和成交时RR检查通过,PASS,需人工判断回调是否已演变为独立反向趋势,PASS,PASS,PASS,PASS,5/5 PASS,未达到1R MFE即触及结构止损,入场信号位置待人工判断,,,,
T011,2025_APRIL,SELL,A_HEALTHY_FIRST_RESUME,XAUUSD.s|-1|1745412900|1745413200,XAUUSD.s|-1|1745412900|1745413200|A1,1,首次恢复,2025.04.23 13:50:00,2025.04.23 13:55:00,2025.04.23 13:55:00,2025.04.23 14:22:46,M15_BEAR,M5_BEAR,REVERSAL,PRIMARY_ALIGNED,ORDINARY_PAUSED,PRIMARY_ALIGNED,HEALTHY,ENTRY_READY,HEALTHY_FIRST_RECOVERY_ENTRY_READY,CONFIRMED,PRIMARY_RECOVERY,2025.04.23 13:25,3336.32,HEALTHY_PULLBACK+FIRST_RECOVERY_SIGNAL,,3331.43,3338.32,3316.70,6.8900,2.1379,2.1379,3331.5400,0.0160,5,0.07,48.23,0.4845,0.20,0.00,0.00,3338.32,STOP,-48.23,1.3106,-1.0044,REAL_TICK,1,机械规则通过,Route、生命周期、权限、因果链和去重检查通过,,计划计算通过,SL/Target方向、风险距离和成交时RR检查通过,PASS,无额外状态冲突标记,PASS,PASS,PASS,PASS,5/5 PASS,曾达到1R以上MFE后最终止损；只说明需要检查管理，不证明退出错误,机械规则与计划均通过但亏损,,,,
T012,2025_APRIL,SELL,A_HEALTHY_FIRST_RESUME,XAUUSD.s|-1|1745426100|1745426400,XAUUSD.s|-1|1745426100|1745426400|A1,1,首次恢复,2025.04.23 19:50:00,2025.04.23 19:55:00,2025.04.23 19:55:00,2025.04.24 01:05:12,M15_BEAR,M5_BULL,RESUME,PRIMARY_PULLBACK,OPPOSITE_M5_PAUSE_NO_AUTO_COUNTER,PRIMARY_ALIGNED,HEALTHY,ENTRY_READY,HEALTHY_STRONG_ENGULF_ENTRY_READY,PRELIMINARY,PRIMARY_RECOVERY,2025.04.23 18:55,3305.69,HEALTHY_PULLBACK+FIRST_RECOVERY+STRONG_ENGULF_CLOSE,,3297.69,3307.69,3269.24,10.0000,2.8450,2.8450,3297.7000,0.0010,5,0.04,40.00,0.4038,0.20,0.00,0.00,3307.69,STOP,-40.00,1.9710,-1.0340,REAL_TICK,1,机械规则通过，需人工看图,Route、生命周期、权限、因果链和去重检查通过,信号时M5状态仍处于反向回调/未翻向，需人工判断恢复位置,计划计算通过,SL/Target方向、风险距离和成交时RR检查通过,PASS,需人工判断回调是否已演变为独立反向趋势,PASS,PASS,PASS,PASS,5/5 PASS,曾达到1R以上MFE后最终止损；只说明需要检查管理，不证明退出错误,入场信号位置待人工判断,,,,
T013,2025_APRIL,SELL,A_HEALTHY_FIRST_RESUME,XAUUSD.s|-1|1745439900|1745440800,XAUUSD.s|-1|1745439900|1745440800|A1,1,首次恢复,2025.04.23 22:45:00,2025.04.23 22:50:00,2025.04.23 22:50:00,2025.04.24 01:01:52,M15_BEAR,M5_BULL,WEAKENING,INDEPENDENT_LOCAL_TREND,TACTICAL_SHADOW_REVIEW,PRIMARY_ALIGNED,HEALTHY,ENTRY_READY,HEALTHY_STRONG_ENGULF_ENTRY_READY,PRELIMINARY,PRIMARY_RECOVERY,2025.04.23 22:40,3297.07,HEALTHY_PULLBACK+FIRST_RECOVERY+STRONG_ENGULF_CLOSE,,3292.35,3299.07,3277.85,6.7200,2.1577,2.1577,3292.3500,-0.0000,5,0.07,47.04,0.4749,0.20,0.00,0.00,3299.07,STOP,-47.04,1.2158,-1.0060,REAL_TICK,1,机械规则通过，需人工看图,Route、生命周期、权限、因果链和去重检查通过,信号时M5状态仍处于反向回调/未翻向，需人工判断恢复位置,计划计算通过,SL/Target方向、风险距离和成交时RR检查通过,PASS,需人工判断回调是否已演变为独立反向趋势,PASS,PASS,PASS,PASS,5/5 PASS,曾达到1R以上MFE后最终止损；只说明需要检查管理，不证明退出错误,入场信号位置待人工判断,,,,
T014,2025_APRIL,SELL,A_HEALTHY_FIRST_RESUME,XAUUSD.s|-1|1745472900|1745473500,XAUUSD.s|-1|1745472900|1745473500|A1,1,首次恢复,2025.04.24 06:10:00,2025.04.24 06:15:00,2025.04.24 06:15:00,2025.04.24 22:56:57,M15_BEAR,M5_BEAR,RESUME,PRIMARY_ALIGNED,PRIMARY_AND_M5_ALIGNED,PRIMARY_ALIGNED,HEALTHY,ENTRY_READY,HEALTHY_FIRST_RECOVERY_ENTRY_READY,CONFIRMED,ALIGNED_PULLBACK,2025.04.24 06:00,3342.55,HEALTHY_PULLBACK+FIRST_RECOVERY_SIGNAL,,3333.92,3347.12,3283.98,13.2000,3.7833,3.7833,3333.9200,-0.0000,5,0.03,39.60,0.4033,0.20,0.00,0.00,3347.12,STOP,-39.60,2.0439,-1.0038,REAL_TICK,1,机械规则通过,Route、生命周期、权限、因果链和去重检查通过,,计划计算通过,SL/Target方向、风险距离和成交时RR检查通过,PASS,无额外状态冲突标记,PASS,PASS,PASS,PASS,5/5 PASS,曾达到2R以上MFE后最终止损；只说明需要检查管理，不证明退出错误,机械规则与计划均通过但亏损,,,,
T015,2025_APRIL,SELL,B_COMPLEX_H2_L2,XAUUSD.s|-1|1745619000|1745619300,XAUUSD.s|-1|1745619000|1745619300|A2,2,第二次测试,2025.04.28 01:20:00,2025.04.28 01:25:00,2025.04.28 01:25:00,2025.04.28 01:25:59,M15_BEAR,M5_BULL,WEAKENING,PRIMARY_PULLBACK,OPPOSITE_M5_PAUSE_NO_AUTO_COUNTER,PRIMARY_ALIGNED,COMPLEX,ENTRY_READY,SECOND_TEST_STRONG_ENGULF_ENTRY_READY,OBSERVING,PRIMARY_RECOVERY,2025.04.25 22:15,3319.22,COMPLEX_PULLBACK+TRUE_SECOND_TEST+STRONG_ENGULF_CLOSE,,3317.65,3321.22,3287.81,3.5700,8.3585,8.3585,3317.6000,-0.0140,5,0.13,46.41,0.4746,0.20,0.00,0.00,3321.22,STOP,-46.41,0.1709,-1.0504,REAL_TICK,1,机械规则通过，需人工看图,Route、生命周期、权限、因果链和去重检查通过,信号时M5状态仍处于反向回调/未翻向，需人工判断恢复位置,计划计算通过,SL/Target方向、风险距离和成交时RR检查通过,PASS,需人工判断回调是否已演变为独立反向趋势,PASS,PASS,PASS,PASS,5/5 PASS,未达到1R MFE即触及结构止损,入场信号位置待人工判断,,,,
T016,2025_APRIL,SELL,A_HEALTHY_FIRST_RESUME,XAUUSD.s|-1|1745848500|1745848800,XAUUSD.s|-1|1745848500|1745848800|A1,1,首次恢复,2025.04.28 14:25:00,2025.04.28 14:30:00,2025.04.28 14:30:00,2025.04.28 14:47:27,M15_BEAR,M5_BEAR,REVERSAL,PRIMARY_ALIGNED,ORDINARY_PAUSED,PRIMARY_ALIGNED,HEALTHY,ENTRY_READY,HEALTHY_FIRST_RECOVERY_ENTRY_READY,CONFIRMED,PRIMARY_RECOVERY,2025.04.28 14:00,3294.38,HEALTHY_PULLBACK+FIRST_RECOVERY_SIGNAL,,3290.25,3296.38,3273.20,6.1300,2.7814,2.7814,3290.1300,-0.0196,5,0.07,42.91,0.4409,0.20,0.00,0.00,3296.38,STOP,-42.91,0.2561,-1.0082,REAL_TICK,1,机械规则通过,Route、生命周期、权限、因果链和去重检查通过,,计划计算通过,SL/Target方向、风险距离和成交时RR检查通过,PASS,无额外状态冲突标记,PASS,PASS,PASS,PASS,5/5 PASS,未达到1R MFE即触及结构止损,机械规则与计划均通过但亏损,,,,
T017,2025_APRIL,SELL,B_COMPLEX_H2_L2,XAUUSD.s|-1|1745859900|1745860200,XAUUSD.s|-1|1745859900|1745860200|A2,2,第二次测试,2025.04.28 18:35:00,2025.04.28 18:40:00,2025.04.28 18:40:00,2025.04.28 19:13:39,M15_BEAR,M5_BULL,WEAKENING,PRIMARY_PULLBACK,OPPOSITE_M5_PAUSE_NO_AUTO_COUNTER,PRIMARY_ALIGNED,COMPLEX,ENTRY_READY,SECOND_TEST_STRONG_ENGULF_ENTRY_READY,PRELIMINARY,PRIMARY_RECOVERY,2025.04.28 17:10,3332.99,COMPLEX_PULLBACK+TRUE_SECOND_TEST+STRONG_ENGULF_CLOSE,,3322.49,3337.96,3286.87,15.4700,2.3025,2.3025,3322.4600,-0.0019,5,0.03,46.41,0.4790,0.20,0.00,0.00,3337.96,STOP,-46.41,0.2114,-1.0097,REAL_TICK,1,机械规则通过，需人工看图,Route、生命周期、权限、因果链和去重检查通过,信号时M5状态仍处于反向回调/未翻向，需人工判断恢复位置,计划计算通过,SL/Target方向、风险距离和成交时RR检查通过,PASS,需人工判断回调是否已演变为独立反向趋势,PASS,PASS,PASS,PASS,5/5 PASS,未达到1R MFE即触及结构止损,入场信号位置待人工判断,,,,
T018,2025_APRIL,SELL,B_COMPLEX_H2_L2,XAUUSD.s|-1|1745869800|1745870100,XAUUSD.s|-1|1745869800|1745870100|A2,2,第二次测试,2025.04.28 20:50:00,2025.04.28 20:55:00,2025.04.28 20:55:01,2025.04.28 21:24:46,M15_BEAR,M5_BULL,WEAKENING,INDEPENDENT_LOCAL_TREND,TACTICAL_SHADOW_REVIEW,PRIMARY_ALIGNED,COMPLEX,ENTRY_READY,SECOND_TEST_STRONG_ENGULF_ENTRY_READY,PRELIMINARY,PRIMARY_RECOVERY,2025.04.28 19:55,3338.98,COMPLEX_PULLBACK+TRUE_SECOND_TEST+STRONG_ENGULF_CLOSE,,3335.67,3341.94,3319.02,6.2700,2.6555,2.6555,3335.8500,0.0287,5,0.07,43.89,0.4551,0.20,0.00,0.00,3341.94,STOP,-43.89,0.2440,-1.0032,REAL_TICK,1,机械规则通过，需人工看图,Route、生命周期、权限、因果链和去重检查通过,信号时M5状态仍处于反向回调/未翻向，需人工判断恢复位置,计划计算通过,SL/Target方向、风险距离和成交时RR检查通过,PASS,需人工判断回调是否已演变为独立反向趋势,PASS,PASS,PASS,PASS,5/5 PASS,未达到1R MFE即触及结构止损,入场信号位置待人工判断,,,,
T019,2025_APRIL,BUY,B_COMPLEX_H2_L2,XAUUSD.s|1|1745995500|1745995800,XAUUSD.s|1|1745995500|1745995800|A2,2,第二次测试,2025.04.30 07:40:00,2025.04.30 07:45:00,2025.04.30 07:45:00,2025.04.30 11:11:00,M15_BULL,M5_BEAR,WEAKENING,INDEPENDENT_LOCAL_TREND,TACTICAL_SHADOW_REVIEW,PRIMARY_ALIGNED,COMPLEX,ENTRY_READY,SECOND_TEST_SIGNAL_ENTRY_READY,PRELIMINARY,PRIMARY_RECOVERY,2025.04.30 06:50,3302.49,COMPLEX_PULLBACK+TRUE_SECOND_TEST+NEW_SIGNAL,,3306.08,3299.49,3322.74,6.5900,2.5281,2.5281,3305.8100,0.0410,5,0.07,46.13,0.4806,0.20,0.00,0.00,3299.49,STOP,-46.13,1.3020,-1.0531,REAL_TICK,1,机械规则通过，需人工看图,Route、生命周期、权限、因果链和去重检查通过,信号时M5状态仍处于反向回调/未翻向，需人工判断恢复位置,计划计算通过,SL/Target方向、风险距离和成交时RR检查通过,PASS,需人工判断回调是否已演变为独立反向趋势,PASS,PASS,PASS,PASS,5/5 PASS,曾达到1R以上MFE后最终止损；只说明需要检查管理，不证明退出错误,入场信号位置待人工判断,,,,
T020,2025_SEPTEMBER,BUY,A_HEALTHY_FIRST_RESUME,XAUUSD.s|1|1756805700|1756806000,XAUUSD.s|1|1756805700|1756806000|A1,1,首次恢复,2025.09.02 10:00:00,2025.09.02 10:05:00,2025.09.02 10:05:00,2025.09.02 10:23:54,M15_BULL,M5_BEAR,RESUME,INDEPENDENT_LOCAL_TREND,TACTICAL_SHADOW_REVIEW,PRIMARY_ALIGNED,HEALTHY,ENTRY_READY,HEALTHY_FIRST_RECOVERY_ENTRY_READY,CONFIRMED,PRIMARY_RECOVERY,2025.09.02 09:40,3483.25,HEALTHY_PULLBACK+FIRST_RECOVERY_SIGNAL,,3486.53,3481.25,3498.28,5.2800,2.2254,2.2254,3486.4200,0.0208,5,0.09,47.52,0.4752,0.14,0.00,0.00,3481.25,STOP,-47.52,0.3201,-1.0189,REAL_TICK,1,机械规则通过，需人工看图,Route、生命周期、权限、因果链和去重检查通过,信号时M5状态仍处于反向回调/未翻向，需人工判断恢复位置,计划计算通过,SL/Target方向、风险距离和成交时RR检查通过,PASS,需人工判断回调是否已演变为独立反向趋势,PASS,PASS,PASS,PASS,5/5 PASS,未达到1R MFE即触及结构止损,入场信号位置待人工判断,,,,
T021,2025_SEPTEMBER,BUY,A_HEALTHY_FIRST_RESUME,XAUUSD.s|1|1756862700|1756863000,XAUUSD.s|1|1756862700|1756863000|A1,1,首次恢复,2025.09.03 02:45:00,2025.09.03 02:50:00,2025.09.03 02:50:00,2025.09.03 03:24:05,M15_BULL,M5_BEAR,WEAKENING,INDEPENDENT_LOCAL_TREND,TACTICAL_SHADOW_REVIEW,PRIMARY_ALIGNED,HEALTHY,ENTRY_READY,HEALTHY_STRONG_ENGULF_ENTRY_READY,PRELIMINARY,PRIMARY_RECOVERY,2025.09.03 01:30,3526.31,HEALTHY_PULLBACK+FIRST_RECOVERY+STRONG_ENGULF_CLOSE,,3528.93,3524.31,3539.99,4.6200,2.3939,2.3939,3528.7400,0.0411,5,0.10,46.20,0.4642,0.14,0.00,0.00,3539.99,TARGET,110.60,2.4286,-0.1948,REAL_TICK,1,机械规则通过，需人工看图,Route、生命周期、权限、因果链和去重检查通过,信号时M5状态仍处于反向回调/未翻向，需人工判断恢复位置,计划计算通过,SL/Target方向、风险距离和成交时RR检查通过,PASS,需人工判断回调是否已演变为独立反向趋势,PASS,PASS,PASS,PASS,5/5 PASS,实际目标先触及,入场信号位置待人工判断,,,,
T022,2025_SEPTEMBER,BUY,A_HEALTHY_FIRST_RESUME,XAUUSD.s|1|1756867800|1756868100,XAUUSD.s|1|1756867800|1756868100|A1,1,首次恢复,2025.09.03 03:05:00,2025.09.03 03:10:00,2025.09.03 03:10:01,2025.09.03 03:24:05,M15_BULL,M5_BULL,RESUME,PRIMARY_ALIGNED,PRIMARY_AND_M5_ALIGNED,PRIMARY_ALIGNED,HEALTHY,ENTRY_READY,HEALTHY_STRONG_ENGULF_ENTRY_READY,CONFIRMED,ALIGNED_PULLBACK,2025.09.03 02:55,3528.03,HEALTHY_PULLBACK+FIRST_RECOVERY+STRONG_ENGULF_CLOSE,,3530.55,3526.03,3539.99,4.5200,2.0885,2.0885,3530.3800,0.0376,5,0.11,49.72,0.4996,0.14,0.00,0.00,3539.99,TARGET,103.84,2.1239,-0.1040,REAL_TICK,1,机械规则通过,Route、生命周期、权限、因果链和去重检查通过,,计划计算通过,SL/Target方向、风险距离和成交时RR检查通过,PASS,无额外状态冲突标记,PASS,PASS,PASS,PASS,5/5 PASS,实际目标先触及,机械规则与计划均通过且盈利,,,,
T023,2025_SEPTEMBER,BUY,A_HEALTHY_FIRST_RESUME,XAUUSD.s|1|1756977600|1757009400,XAUUSD.s|1|1756977600|1757009400|A1,1,首次恢复,2025.09.04 21:05:00,2025.09.04 21:10:00,2025.09.04 21:10:00,2025.09.05 01:45:32,M15_BULL,M5_BEAR,RESUME,PRIMARY_PULLBACK,OPPOSITE_M5_PAUSE_NO_AUTO_COUNTER,PRIMARY_ALIGNED,HEALTHY,ENTRY_READY,HEALTHY_FIRST_RECOVERY_ENTRY_READY,CONFIRMED,PRIMARY_RECOVERY,2025.09.04 20:25,3542.59,HEALTHY_PULLBACK+FIRST_RECOVERY_SIGNAL,,3544.73,3540.34,3555.44,4.3900,2.4396,2.4396,3544.6100,0.0273,5,0.11,48.29,0.4750,0.14,0.00,0.00,3540.34,STOP,-48.29,1.4305,-1.0091,REAL_TICK,1,机械规则通过，需人工看图,Route、生命周期、权限、因果链和去重检查通过,信号时M5状态仍处于反向回调/未翻向，需人工判断恢复位置,计划计算通过,SL/Target方向、风险距离和成交时RR检查通过,PASS,需人工判断回调是否已演变为独立反向趋势,PASS,PASS,PASS,PASS,5/5 PASS,曾达到1R以上MFE后最终止损；只说明需要检查管理，不证明退出错误,入场信号位置待人工判断,,,,
T024,2025_SEPTEMBER,BUY,B_COMPLEX_H2_L2,XAUUSD.s|1|1757315100|1757315400,XAUUSD.s|1|1757315100|1757315400|A2,2,第二次测试,2025.09.08 08:00:00,2025.09.08 08:05:00,2025.09.08 08:05:00,2025.09.08 09:14:57,M15_BULL,M5_BEAR,WEAKENING,INDEPENDENT_LOCAL_TREND,TACTICAL_SHADOW_REVIEW,PRIMARY_ALIGNED,COMPLEX,ENTRY_READY,SECOND_TEST_STRONG_ENGULF_ENTRY_READY,CONFIRMED,PRIMARY_RECOVERY,2025.09.08 07:10,3581.47,COMPLEX_PULLBACK+TRUE_SECOND_TEST+STRONG_ENGULF_CLOSE,,3583.16,3578.86,3594.33,4.3000,2.5977,2.5977,3583.0200,0.0326,5,0.11,47.30,0.4675,0.14,0.00,0.00,3594.33,TARGET,122.87,2.6140,-0.3860,REAL_TICK,1,机械规则通过，需人工看图,Route、生命周期、权限、因果链和去重检查通过,信号时M5状态仍处于反向回调/未翻向，需人工判断恢复位置,计划计算通过,SL/Target方向、风险距离和成交时RR检查通过,PASS,需人工判断回调是否已演变为独立反向趋势,PASS,PASS,PASS,PASS,5/5 PASS,实际目标先触及,入场信号位置待人工判断,,,,
T025,2025_SEPTEMBER,BUY,B_COMPLEX_H2_L2,XAUUSD.s|1|1757434800|1757436600,XAUUSD.s|1|1757434800|1757436600|A2,2,第二次测试,2025.09.09 18:20:00,2025.09.09 18:25:00,2025.09.09 18:25:00,2025.09.10 01:00:00,M15_BULL,M5_BEAR,RESUME,PRIMARY_PULLBACK,OPPOSITE_M5_PAUSE_NO_AUTO_COUNTER,PRIMARY_ALIGNED,COMPLEX,ENTRY_READY,SECOND_TEST_SIGNAL_ENTRY_READY,PRELIMINARY,PRIMARY_RECOVERY,2025.09.09 17:05,3626.93,COMPLEX_PULLBACK+TRUE_SECOND_TEST+NEW_SIGNAL,,3639.37,3624.93,3674.55,14.4400,2.4363,2.4363,3639.2700,0.0069,5,0.03,43.32,0.4230,0.14,0.00,0.00,3624.93,STOP,-43.32,0.6974,-1.1967,REAL_TICK,1,机械规则通过，需人工看图,Route、生命周期、权限、因果链和去重检查通过,信号时M5状态仍处于反向回调/未翻向，需人工判断恢复位置,计划计算通过,SL/Target方向、风险距离和成交时RR检查通过,PASS,需人工判断回调是否已演变为独立反向趋势,PASS,PASS,PASS,PASS,5/5 PASS,未达到1R MFE即触及结构止损,入场信号位置待人工判断,,,,
T026,2025_SEPTEMBER,SELL,A_HEALTHY_FIRST_RESUME,XAUUSD.s|-1|1757441400|1757442000,XAUUSD.s|-1|1757441400|1757442000|A1,1,首次恢复,2025.09.09 20:10:00,2025.09.09 20:15:00,2025.09.09 20:15:00,2025.09.09 22:59:34,M15_BULL,M5_BEAR,PULLBACK,INDEPENDENT_LOCAL_TREND,TACTICAL_SHADOW_REVIEW,TACTICAL_LOCAL_TREND,HEALTHY,ENTRY_READY,HEALTHY_STRONG_ENGULF_ENTRY_READY,PRELIMINARY,TACTICAL_PULLBACK,2025.09.09 20:10,3646.20,HEALTHY_PULLBACK+FIRST_RECOVERY+STRONG_ENGULF_CLOSE,,3644.06,3651.44,3628.89,7.3800,2.0556,2.0556,3644.0500,-0.0014,5,0.06,44.28,0.4324,0.14,0.00,0.00,3628.89,TARGET,91.02,2.0596,-0.2818,REAL_TICK,1,机械规则通过，需人工看图,Route、生命周期、权限、因果链和去重检查通过,M15与M5分歧的战术局部趋势,计划计算通过,SL/Target方向、风险距离和成交时RR检查通过,PASS,无额外状态冲突标记,PASS,PASS,PASS,PASS,5/5 PASS,实际目标先触及,入场信号位置待人工判断,,,,
T027,2025_SEPTEMBER,SELL,A_HEALTHY_FIRST_RESUME,XAUUSD.s|-1|1757916600|1757916900,XAUUSD.s|-1|1757916600|1757916900|A1,1,首次恢复,2025.09.15 06:15:00,2025.09.15 06:20:00,2025.09.15 06:20:00,2025.09.15 06:33:29,M15_BEAR,M5_BULL,REVERSAL,PRIMARY_PULLBACK,OPPOSITE_M5_PAUSE_NO_AUTO_COUNTER,PRIMARY_ALIGNED,HEALTHY,ENTRY_READY,HEALTHY_STRONG_ENGULF_ENTRY_READY,PRELIMINARY,PRIMARY_RECOVERY,2025.09.15 06:15,3643.31,HEALTHY_PULLBACK+FIRST_RECOVERY+STRONG_ENGULF_CLOSE,,3641.83,3645.31,3626.96,3.4800,4.2730,4.2730,3641.8300,-0.0000,5,0.14,48.72,0.4735,0.14,0.00,0.00,3645.31,STOP,-48.72,0.1523,-1.0115,REAL_TICK,1,机械规则通过，需人工看图,Route、生命周期、权限、因果链和去重检查通过,信号时M5状态仍处于反向回调/未翻向，需人工判断恢复位置,计划计算通过,SL/Target方向、风险距离和成交时RR检查通过,PASS,需人工判断回调是否已演变为独立反向趋势,PASS,PASS,PASS,PASS,5/5 PASS,未达到1R MFE即触及结构止损,入场信号位置待人工判断,,,,
T028,2025_SEPTEMBER,SELL,A_HEALTHY_FIRST_RESUME,XAUUSD.s|-1|1757937300|1757937600,XAUUSD.s|-1|1757937300|1757937600|A1,1,首次恢复,2025.09.15 12:05:00,2025.09.15 12:10:00,2025.09.15 12:10:00,2025.09.15 15:47:34,M15_BEAR,M5_BULL,RESUME,PRIMARY_PULLBACK,OPPOSITE_M5_PAUSE_NO_AUTO_COUNTER,PRIMARY_ALIGNED,HEALTHY,ENTRY_READY,HEALTHY_STRONG_ENGULF_ENTRY_READY,PRELIMINARY,PRIMARY_RECOVERY,2025.09.15 12:00,3645.82,HEALTHY_PULLBACK+FIRST_RECOVERY+STRONG_ENGULF_CLOSE,,3643.61,3648.24,3633.75,4.6300,2.1296,2.1296,3643.6100,-0.0000,5,0.11,50.93,0.4973,0.14,0.00,0.00,3648.24,STOP,-50.93,1.6587,-1.0086,REAL_TICK,1,机械规则通过，需人工看图,Route、生命周期、权限、因果链和去重检查通过,信号时M5状态仍处于反向回调/未翻向，需人工判断恢复位置,计划计算通过,SL/Target方向、风险距离和成交时RR检查通过,PASS,需人工判断回调是否已演变为独立反向趋势,PASS,PASS,PASS,PASS,5/5 PASS,曾达到1R以上MFE后最终止损；只说明需要检查管理，不证明退出错误,入场信号位置待人工判断,,,,
T029,2025_SEPTEMBER,SELL,B_COMPLEX_H2_L2,XAUUSD.s|-1|1757950200|1757950500,XAUUSD.s|-1|1757950200|1757950500|A2,2,第二次测试,2025.09.15 17:15:00,2025.09.15 17:20:00,2025.09.15 17:20:00,2025.09.15 18:23:46,M15_BEAR,M5_BEAR,WEAKENING,PRIMARY_ALIGNED,ORDINARY_PAUSED,PRIMARY_ALIGNED,COMPLEX,ENTRY_READY,SECOND_TEST_STRONG_ENGULF_ENTRY_READY,CONFIRMED,PRIMARY_RECOVERY,2025.09.15 15:35,3664.30,COMPLEX_PULLBACK+TRUE_SECOND_TEST+STRONG_ENGULF_CLOSE,,3656.84,3666.30,3636.99,9.4600,2.0983,2.0983,3656.8800,0.0042,5,0.05,47.30,0.4642,0.14,0.00,0.00,3666.30,STOP,-47.30,0.0000,-1.0000,REAL_TICK,1,机械规则通过,Route、生命周期、权限、因果链和去重检查通过,,计划计算通过,SL/Target方向、风险距离和成交时RR检查通过,PASS,无额外状态冲突标记,PASS,PASS,PASS,PASS,5/5 PASS,未达到1R MFE即触及结构止损,机械规则与计划均通过但亏损,,,,
T030,2025_SEPTEMBER,BUY,A_HEALTHY_FIRST_RESUME,XAUUSD.s|1|1758039900|1758051300,XAUUSD.s|1|1758039900|1758051300|A1,1,首次恢复,2025.09.16 19:45:00,2025.09.16 19:50:00,2025.09.16 19:50:00,2025.09.17 04:30:46,M15_BULL,M5_BEAR,WEAKENING,PRIMARY_PULLBACK,OPPOSITE_M5_PAUSE_NO_AUTO_COUNTER,PRIMARY_ALIGNED,HEALTHY,ENTRY_READY,HEALTHY_FIRST_RECOVERY_ENTRY_READY,PRELIMINARY,PRIMARY_RECOVERY,2025.09.16 19:40,3686.28,HEALTHY_PULLBACK+FIRST_RECOVERY_SIGNAL,,3689.71,3684.28,3703.10,5.4300,2.4659,2.4659,3689.5600,0.0276,5,0.09,48.87,0.4818,0.14,0.00,0.00,3684.28,STOP,-48.87,1.0295,-1.0203,REAL_TICK,1,机械规则通过，需人工看图,Route、生命周期、权限、因果链和去重检查通过,信号时M5状态仍处于反向回调/未翻向，需人工判断恢复位置,计划计算通过,SL/Target方向、风险距离和成交时RR检查通过,PASS,需人工判断回调是否已演变为独立反向趋势,PASS,PASS,PASS,PASS,5/5 PASS,曾达到1R以上MFE后最终止损；只说明需要检查管理，不证明退出错误,入场信号位置待人工判断,,,,
T031,2025_SEPTEMBER,BUY,A_HEALTHY_FIRST_RESUME,XAUUSD.s|1|1758087900|1758088500,XAUUSD.s|1|1758087900|1758088500|A1,1,首次恢复,2025.09.17 06:10:00,2025.09.17 06:15:00,2025.09.17 06:15:00,2025.09.17 08:35:32,M15_BULL,M5_BULL,WEAKENING,PRIMARY_ALIGNED,ORDINARY_PAUSED,PRIMARY_ALIGNED,HEALTHY,ENTRY_READY,HEALTHY_FIRST_RECOVERY_ENTRY_READY,CONFIRMED,ALIGNED_PULLBACK,2025.09.17 06:05,3679.89,HEALTHY_PULLBACK+FIRST_RECOVERY_SIGNAL,,3681.90,3677.89,3695.30,4.0100,3.3416,3.3416,3681.7600,0.0349,5,0.12,48.12,0.4767,0.14,0.00,0.00,3677.89,STOP,-48.12,0.9800,-1.0150,REAL_TICK,1,机械规则通过,Route、生命周期、权限、因果链和去重检查通过,,计划计算通过,SL/Target方向、风险距离和成交时RR检查通过,PASS,无额外状态冲突标记,PASS,PASS,PASS,PASS,5/5 PASS,未达到1R MFE即触及结构止损,机械规则与计划均通过但亏损,,,,
T032,2025_SEPTEMBER,SELL,B_COMPLEX_H2_L2,XAUUSD.s|-1|1758268200|1758268500,XAUUSD.s|-1|1758268200|1758268500|A2,2,第二次测试,2025.09.19 08:20:00,2025.09.19 08:25:00,2025.09.19 08:25:00,2025.09.19 16:57:28,M15_BEAR,M5_BULL,WEAKENING,PRIMARY_PULLBACK,OPPOSITE_M5_PAUSE_NO_AUTO_COUNTER,PRIMARY_ALIGNED,COMPLEX,ENTRY_READY,SECOND_TEST_STRONG_ENGULF_ENTRY_READY,PRELIMINARY,PRIMARY_RECOVERY,2025.09.19 07:55,3661.15,COMPLEX_PULLBACK+TRUE_SECOND_TEST+STRONG_ENGULF_CLOSE,,3657.82,3663.15,3637.74,5.3300,3.7674,3.7674,3657.7900,-0.0056,5,0.09,47.97,0.4775,0.14,0.00,0.00,3663.15,STOP,-47.97,2.6867,-1.0319,REAL_TICK,1,机械规则通过，需人工看图,Route、生命周期、权限、因果链和去重检查通过,信号时M5状态仍处于反向回调/未翻向，需人工判断恢复位置,计划计算通过,SL/Target方向、风险距离和成交时RR检查通过,PASS,需人工判断回调是否已演变为独立反向趋势,PASS,PASS,PASS,PASS,5/5 PASS,曾达到2R以上MFE后最终止损；只说明需要检查管理，不证明退出错误,入场信号位置待人工判断,,,,
T033,2025_SEPTEMBER,SELL,A_HEALTHY_FIRST_RESUME,XAUUSD.s|-1|1758636600|1758664800,XAUUSD.s|-1|1758636600|1758664800|A1,1,首次恢复,2025.09.24 01:10:00,2025.09.24 01:15:00,2025.09.24 01:15:00,2025.09.24 02:11:38,M15_BULL,M5_BEAR,WEAKENING,INDEPENDENT_LOCAL_TREND,TACTICAL_SHADOW_REVIEW,TACTICAL_LOCAL_TREND,HEALTHY,ENTRY_READY,HEALTHY_FIRST_RECOVERY_ENTRY_READY,PRELIMINARY,TACTICAL_PULLBACK,2025.09.24 01:00,3767.45,HEALTHY_PULLBACK+FIRST_RECOVERY_SIGNAL,,3764.13,3770.14,3751.89,6.0100,2.0366,2.0366,3764.1900,0.0100,5,0.08,48.08,0.4809,0.14,0.00,0.00,3770.14,STOP,-48.08,0.3760,-1.0116,REAL_TICK,1,机械规则通过，需人工看图,Route、生命周期、权限、因果链和去重检查通过,M15与M5分歧的战术局部趋势,计划计算通过,SL/Target方向、风险距离和成交时RR检查通过,PASS,无额外状态冲突标记,PASS,PASS,PASS,PASS,5/5 PASS,未达到1R MFE即触及结构止损,入场信号位置待人工判断,,,,
T034,2026_MARCH,BUY,A_HEALTHY_FIRST_RESUME,XAUUSD.s|1|1772503800|1772505000,XAUUSD.s|1|1772503800|1772505000|A1,1,首次恢复,2026.03.03 03:00:00,2026.03.03 03:05:00,2026.03.03 03:05:00,2026.03.03 03:56:47,M15_BULL,M5_BULL,RESUME,PRIMARY_ALIGNED,PRIMARY_AND_M5_ALIGNED,PRIMARY_ALIGNED,HEALTHY,ENTRY_READY,HEALTHY_STRONG_ENGULF_ENTRY_READY,CONFIRMED,ALIGNED_PULLBACK,2026.03.03 02:35,5346.38,HEALTHY_PULLBACK+FIRST_RECOVERY+STRONG_ENGULF_CLOSE,,5363.15,5344.38,5402.53,18.7700,2.0980,2.0980,5362.9700,0.0096,5,0.02,37.54,0.3754,0.18,0.00,0.00,5344.38,STOP,-37.54,0.8934,-1.0341,REAL_TICK,1,机械规则通过,Route、生命周期、权限、因果链和去重检查通过,,计划计算通过,SL/Target方向、风险距离和成交时RR检查通过,PASS,无额外状态冲突标记,PASS,PASS,PASS,PASS,5/5 PASS,未达到1R MFE即触及结构止损,机械规则与计划均通过但亏损,,,,
T035,2026_MARCH,SELL,B_COMPLEX_H2_L2,XAUUSD.s|-1|1772667000|1772667300,XAUUSD.s|-1|1772667000|1772667300|A2,2,第二次测试,2026.03.05 02:25:00,2026.03.05 02:30:00,2026.03.05 02:30:00,2026.03.05 02:40:50,M15_BEAR,M5_BULL,RESUME,INDEPENDENT_LOCAL_TREND,TACTICAL_SHADOW_REVIEW,PRIMARY_ALIGNED,COMPLEX,ENTRY_READY,SECOND_TEST_STRONG_ENGULF_ENTRY_READY,PRELIMINARY,PRIMARY_RECOVERY,2026.03.04 23:35,5155.77,COMPLEX_PULLBACK+TRUE_SECOND_TEST+STRONG_ENGULF_CLOSE,,5173.39,5174.76,5129.82,1.3700,31.8029,31.8029,5173.3700,-0.0146,5,0.36,49.32,0.4951,0.20,0.00,0.00,5174.76,STOP,-49.32,3.4234,-1.0511,REAL_TICK,1,机械规则通过，需人工看图,Route、生命周期、权限、因果链和去重检查通过,信号时M5状态仍处于反向回调/未翻向，需人工判断恢复位置,计划计算通过,SL/Target方向、风险距离和成交时RR检查通过,PASS,需人工判断回调是否已演变为独立反向趋势,PASS,PASS,PASS,PASS,5/5 PASS,曾达到2R以上MFE后最终止损；只说明需要检查管理，不证明退出错误,入场信号位置待人工判断,,,,
T036,2026_MARCH,SELL,A_HEALTHY_FIRST_RESUME,XAUUSD.s|-1|1772693100|1772704500,XAUUSD.s|-1|1772693100|1772704500|A1,1,首次恢复,2026.03.05 10:00:00,2026.03.05 10:05:00,2026.03.05 10:05:00,2026.03.05 10:45:35,M15_BEAR,M5_BULL,WEAKENING,PRIMARY_PULLBACK,OPPOSITE_M5_PAUSE_NO_AUTO_COUNTER,PRIMARY_ALIGNED,HEALTHY,ENTRY_READY,HEALTHY_FIRST_RECOVERY_ENTRY_READY,PRELIMINARY,PRIMARY_RECOVERY,2026.03.05 09:55,5163.34,HEALTHY_PULLBACK+FIRST_RECOVERY_SIGNAL,,5156.33,5165.34,5129.82,9.0100,2.9423,2.9423,5156.3300,-0.0000,5,0.05,45.05,0.4544,0.18,0.00,0.00,5165.34,STOP,-45.05,2.0488,-1.0055,REAL_TICK,1,机械规则通过，需人工看图,Route、生命周期、权限、因果链和去重检查通过,信号时M5状态仍处于反向回调/未翻向，需人工判断恢复位置,计划计算通过,SL/Target方向、风险距离和成交时RR检查通过,PASS,需人工判断回调是否已演变为独立反向趋势,PASS,PASS,PASS,PASS,5/5 PASS,曾达到2R以上MFE后最终止损；只说明需要检查管理，不证明退出错误,入场信号位置待人工判断,,,,
T037,2026_MARCH,SELL,A_HEALTHY_FIRST_RESUME,XAUUSD.s|-1|1772780700|1772781000,XAUUSD.s|-1|1772780700|1772781000|A1,1,首次恢复,2026.03.06 07:45:00,2026.03.06 07:50:00,2026.03.06 07:50:00,2026.03.06 13:55:57,M15_BEAR,M5_BEAR,RESUME,PRIMARY_ALIGNED,PRIMARY_AND_M5_ALIGNED,PRIMARY_ALIGNED,HEALTHY,ENTRY_READY,HEALTHY_STRONG_ENGULF_ENTRY_READY,CONFIRMED,ALIGNED_PULLBACK,2026.03.06 07:20,5130.13,HEALTHY_PULLBACK+FIRST_RECOVERY+STRONG_ENGULF_CLOSE,,5116.08,5132.13,5074.39,16.0500,2.5975,2.5975,5116.0900,0.0006,5,0.03,48.15,0.4879,0.18,0.00,0.00,5074.39,TARGET,125.07,2.8075,-0.4486,REAL_TICK,1,机械规则通过,Route、生命周期、权限、因果链和去重检查通过,,计划计算通过,SL/Target方向、风险距离和成交时RR检查通过,PASS,无额外状态冲突标记,PASS,PASS,PASS,PASS,5/5 PASS,实际目标先触及,机械规则与计划均通过且盈利,,,,
T038,2026_MARCH,SELL,A_HEALTHY_FIRST_RESUME,XAUUSD.s|-1|1772822100|1772822400,XAUUSD.s|-1|1772822100|1772822400|A1,1,首次恢复,2026.03.06 19:00:00,2026.03.06 19:05:00,2026.03.06 19:05:00,2026.03.06 19:33:15,M15_BEAR,M5_BEAR,WEAKENING,PRIMARY_ALIGNED,ORDINARY_PAUSED,PRIMARY_ALIGNED,HEALTHY,ENTRY_READY,HEALTHY_STRONG_ENGULF_ENTRY_READY,CONFIRMED,ALIGNED_PULLBACK,2026.03.06 18:45,5148.33,HEALTHY_PULLBACK+FIRST_RECOVERY+STRONG_ENGULF_CLOSE,,5133.40,5150.33,5072.22,16.9300,3.6137,3.6137,5133.7600,0.0213,5,0.02,33.86,0.3388,0.17,0.00,0.00,5150.33,STOP,-33.86,0.2481,-1.0053,REAL_TICK,2,机械规则通过,Route、生命周期、权限、因果链和去重检查通过,,计划计算通过,SL/Target方向、风险距离和成交时RR检查通过,PASS,无额外状态冲突标记,PASS,PASS,PASS,PASS,5/5 PASS,未达到1R MFE即触及结构止损,机械规则与计划均通过但亏损,,,,
T039,2026_MARCH,SELL,B_COMPLEX_H2_L2,XAUUSD.s|-1|1772822100|1772822400,XAUUSD.s|-1|1772822100|1772822400|A2,2,第二次测试,2026.03.06 21:20:00,2026.03.06 21:25:00,2026.03.06 21:25:00,2026.03.09 01:01:00,M15_BEAR,M5_BULL,RESUME,INDEPENDENT_LOCAL_TREND,TACTICAL_SHADOW_REVIEW,PRIMARY_ALIGNED,COMPLEX,ENTRY_READY,SECOND_TEST_SIGNAL_ENTRY_READY,PRELIMINARY,PRIMARY_RECOVERY,2026.03.06 20:20,5168.77,COMPLEX_PULLBACK+TRUE_SECOND_TEST+NEW_SIGNAL,,5167.92,5176.60,5134.72,8.6800,3.8249,3.8249,5167.9200,-0.0000,5,0.05,43.40,0.4358,0.18,0.00,0.00,5176.60,STOP,-43.40,2.0403,-2.7776,REAL_TICK,2,机械规则通过，需人工看图,Route、生命周期、权限、因果链和去重检查通过,信号时M5状态仍处于反向回调/未翻向，需人工判断恢复位置,计划计算通过,SL/Target方向、风险距离和成交时RR检查通过,PASS,需人工判断回调是否已演变为独立反向趋势,PASS,PASS,PASS,PASS,5/5 PASS,曾达到2R以上MFE后最终止损；只说明需要检查管理，不证明退出错误,入场信号位置待人工判断,,,,
T040,2026_MARCH,SELL,A_HEALTHY_FIRST_RESUME,XAUUSD.s|-1|1773122100|1773122400,XAUUSD.s|-1|1773122100|1773122400|A1,1,首次恢复,2026.03.10 06:30:00,2026.03.10 06:35:00,2026.03.10 06:35:00,2026.03.10 08:50:50,M15_BEAR,M5_BEAR,RESUME,PRIMARY_ALIGNED,PRIMARY_AND_M5_ALIGNED,PRIMARY_ALIGNED,HEALTHY,ENTRY_READY,HEALTHY_FIRST_RECOVERY_ENTRY_READY,CONFIRMED,ALIGNED_PULLBACK,2026.03.10 06:00,5173.57,HEALTHY_PULLBACK+FIRST_RECOVERY_SIGNAL,,5163.85,5175.57,5124.98,11.7200,3.3166,3.3166,5163.8400,-0.0009,5,0.04,46.88,0.4728,0.16,0.00,0.00,5175.57,STOP,-46.88,0.7892,-1.0077,REAL_TICK,1,机械规则通过,Route、生命周期、权限、因果链和去重检查通过,,计划计算通过,SL/Target方向、风险距离和成交时RR检查通过,PASS,无额外状态冲突标记,PASS,PASS,PASS,PASS,5/5 PASS,未达到1R MFE即触及结构止损,机械规则与计划均通过但亏损,,,,
T041,2026_MARCH,BUY,A_HEALTHY_FIRST_RESUME,XAUUSD.s|1|1773198900|1773220500,XAUUSD.s|1|1773198900|1773220500|A1,1,首次恢复,2026.03.11 09:25:00,2026.03.11 09:30:00,2026.03.11 09:30:00,2026.03.11 09:35:15,M15_BULL,M5_BULL,PULLBACK,PRIMARY_ALIGNED,PRIMARY_AND_M5_ALIGNED,PRIMARY_ALIGNED,HEALTHY,ENTRY_READY,HEALTHY_FIRST_RECOVERY_ENTRY_READY,CONFIRMED,ALIGNED_PULLBACK,2026.03.11 09:20,5203.16,HEALTHY_PULLBACK+FIRST_RECOVERY_SIGNAL,,5206.82,5201.16,5220.53,5.6600,2.4223,2.4223,5206.6200,0.0353,5,0.08,45.28,0.4588,0.16,0.00,0.00,5201.16,STOP,-45.28,0.0000,-1.0300,REAL_TICK,1,机械规则通过,Route、生命周期、权限、因果链和去重检查通过,,计划计算通过,SL/Target方向、风险距离和成交时RR检查通过,PASS,无额外状态冲突标记,PASS,PASS,PASS,PASS,5/5 PASS,未达到1R MFE即触及结构止损,机械规则与计划均通过但亏损,,,,
T042,2026_MARCH,BUY,A_HEALTHY_FIRST_RESUME,XAUUSD.s|1|1773248400|1773250200,XAUUSD.s|1|1773248400|1773250200|A1,1,首次恢复,2026.03.11 19:10:00,2026.03.11 19:15:00,2026.03.11 19:15:00,2026.03.11 20:36:57,M15_BULL,M5_BEAR,WEAKENING,INDEPENDENT_LOCAL_TREND,TACTICAL_SHADOW_REVIEW,PRIMARY_ALIGNED,HEALTHY,ENTRY_READY,HEALTHY_STRONG_ENGULF_ENTRY_READY,PRELIMINARY,PRIMARY_RECOVERY,2026.03.11 18:30,5163.77,HEALTHY_PULLBACK+FIRST_RECOVERY+STRONG_ENGULF_CLOSE,,5172.60,5161.77,5196.29,10.8300,2.1874,2.1874,5172.4300,0.0157,5,0.04,43.32,0.4410,0.16,0.00,0.00,5161.77,STOP,-43.32,0.7719,-1.1025,REAL_TICK,1,机械规则通过，需人工看图,Route、生命周期、权限、因果链和去重检查通过,信号时M5状态仍处于反向回调/未翻向，需人工判断恢复位置,计划计算通过,SL/Target方向、风险距离和成交时RR检查通过,PASS,需人工判断回调是否已演变为独立反向趋势,PASS,PASS,PASS,PASS,5/5 PASS,未达到1R MFE即触及结构止损,入场信号位置待人工判断,,,,
T043,2026_MARCH,SELL,A_HEALTHY_FIRST_RESUME,XAUUSD.s|-1|1773377700|1773378000,XAUUSD.s|-1|1773377700|1773378000|A1,1,首次恢复,2026.03.13 05:20:00,2026.03.13 05:25:00,2026.03.13 05:25:00,2026.03.13 17:55:24,M15_BEAR,M5_BEAR,REVERSAL,PRIMARY_ALIGNED,ORDINARY_PAUSED,PRIMARY_ALIGNED,HEALTHY,ENTRY_READY,HEALTHY_FIRST_RECOVERY_ENTRY_READY,CONFIRMED,PRIMARY_RECOVERY,2026.03.13 05:00,5128.58,HEALTHY_PULLBACK+FIRST_RECOVERY_SIGNAL,,5118.35,5130.58,5055.24,12.2300,5.1603,5.1603,5118.3500,-0.0000,5,0.03,36.69,0.3751,0.16,0.00,0.00,5055.24,TARGET,189.33,5.2494,-0.3377,REAL_TICK,1,机械规则通过,Route、生命周期、权限、因果链和去重检查通过,,计划计算通过,SL/Target方向、风险距离和成交时RR检查通过,PASS,无额外状态冲突标记,PASS,PASS,PASS,PASS,5/5 PASS,实际目标先触及,机械规则与计划均通过且盈利,,,,
T044,2026_MARCH,SELL,A_HEALTHY_FIRST_RESUME,XAUUSD.s|-1|1773386400|1773389700,XAUUSD.s|-1|1773386400|1773389700|A1,1,首次恢复,2026.03.13 08:40:00,2026.03.13 08:45:00,2026.03.13 08:45:00,2026.03.13 15:01:28,M15_BEAR,M5_BULL,WEAKENING,PRIMARY_PULLBACK,OPPOSITE_M5_PAUSE_NO_AUTO_COUNTER,PRIMARY_ALIGNED,HEALTHY,ENTRY_READY,HEALTHY_STRONG_ENGULF_ENTRY_READY,CONFIRMED,PRIMARY_RECOVERY,2026.03.13 08:15,5111.02,HEALTHY_PULLBACK+FIRST_RECOVERY+STRONG_ENGULF_CLOSE,,5100.64,5113.02,5055.24,12.3800,3.6672,3.6672,5100.6500,0.0008,5,0.03,37.14,0.3797,0.18,0.00,0.00,5113.02,STOP,-37.14,3.1228,-1.0275,REAL_TICK,1,机械规则通过，需人工看图,Route、生命周期、权限、因果链和去重检查通过,信号时M5状态仍处于反向回调/未翻向，需人工判断恢复位置,计划计算通过,SL/Target方向、风险距离和成交时RR检查通过,PASS,需人工判断回调是否已演变为独立反向趋势,PASS,PASS,PASS,PASS,5/5 PASS,曾达到2R以上MFE后最终止损；只说明需要检查管理，不证明退出错误,入场信号位置待人工判断,,,,
T045,2026_MARCH,SELL,A_HEALTHY_FIRST_RESUME,XAUUSD.s|-1|1773386400|1773391500,XAUUSD.s|-1|1773386400|1773391500|A1,1,首次恢复,2026.03.13 08:50:00,2026.03.13 08:55:00,2026.03.13 08:55:00,2026.03.13 09:05:04,M15_BEAR,M5_BEAR,PULLBACK,PRIMARY_ALIGNED,PRIMARY_AND_M5_ALIGNED,PRIMARY_ALIGNED,HEALTHY,ENTRY_READY,HEALTHY_STRONG_ENGULF_ENTRY_READY,CONFIRMED,ALIGNED_PULLBACK,2026.03.13 08:50,5105.44,HEALTHY_PULLBACK+FIRST_RECOVERY+STRONG_ENGULF_CLOSE,,5099.33,5107.44,5055.24,8.1100,5.4365,5.4365,5099.3700,0.0049,5,0.06,48.66,0.4975,0.16,0.00,0.00,5107.44,STOP,-48.66,0.1073,-1.0000,REAL_TICK,1,机械规则通过,Route、生命周期、权限、因果链和去重检查通过,,计划计算通过,SL/Target方向、风险距离和成交时RR检查通过,PASS,无额外状态冲突标记,PASS,PASS,PASS,PASS,5/5 PASS,未达到1R MFE即触及结构止损,机械规则与计划均通过但亏损,,,,
T046,2026_MARCH,SELL,A_HEALTHY_FIRST_RESUME,XAUUSD.s|-1|1773634200|1773634500,XAUUSD.s|-1|1773634200|1773634500|A1,1,首次恢复,2026.03.16 05:30:00,2026.03.16 05:35:00,2026.03.16 05:35:00,2026.03.16 06:55:30,M15_BEAR,M5_BULL,WEAKENING,PRIMARY_PULLBACK,OPPOSITE_M5_PAUSE_NO_AUTO_COUNTER,PRIMARY_ALIGNED,HEALTHY,ENTRY_READY,HEALTHY_FIRST_RECOVERY_ENTRY_READY,CONFIRMED,PRIMARY_RECOVERY,2026.03.16 04:50,5018.76,HEALTHY_PULLBACK+FIRST_RECOVERY_SIGNAL,,5009.04,5020.76,4982.69,11.7200,2.2483,2.2483,5009.0400,-0.0000,5,0.04,46.88,0.4743,0.16,0.00,0.00,5020.76,STOP,-46.88,0.9352,-1.0060,REAL_TICK,1,机械规则通过，需人工看图,Route、生命周期、权限、因果链和去重检查通过,信号时M5状态仍处于反向回调/未翻向，需人工判断恢复位置,计划计算通过,SL/Target方向、风险距离和成交时RR检查通过,PASS,需人工判断回调是否已演变为独立反向趋势,PASS,PASS,PASS,PASS,5/5 PASS,未达到1R MFE即触及结构止损,入场信号位置待人工判断,,,,
T047,2026_MARCH,SELL,A_HEALTHY_FIRST_RESUME,XAUUSD.s|-1|1773634200|1773642300,XAUUSD.s|-1|1773634200|1773642300|A1,1,首次恢复,2026.03.16 07:35:00,2026.03.16 07:40:00,2026.03.16 07:40:00,2026.03.16 09:15:36,M15_BEAR,M5_BULL,WEAKENING,PRIMARY_PULLBACK,OPPOSITE_M5_PAUSE_NO_AUTO_COUNTER,PRIMARY_ALIGNED,HEALTHY,ENTRY_READY,HEALTHY_FIRST_RECOVERY_ENTRY_READY,PRELIMINARY,PRIMARY_RECOVERY,2026.03.16 06:25,5026.30,HEALTHY_PULLBACK+FIRST_RECOVERY_SIGNAL,,5018.64,5028.30,4997.92,9.6600,2.1449,2.1449,5018.6600,0.0021,5,0.05,48.30,0.4910,0.16,0.00,0.00,5028.30,STOP,-48.30,1.5735,-1.0021,REAL_TICK,1,机械规则通过，需人工看图,Route、生命周期、权限、因果链和去重检查通过,信号时M5状态仍处于反向回调/未翻向，需人工判断恢复位置,计划计算通过,SL/Target方向、风险距离和成交时RR检查通过,PASS,需人工判断回调是否已演变为独立反向趋势,PASS,PASS,PASS,PASS,5/5 PASS,曾达到1R以上MFE后最终止损；只说明需要检查管理，不证明退出错误,入场信号位置待人工判断,,,,
T048,2026_MARCH,SELL,A_HEALTHY_FIRST_RESUME,XAUUSD.s|-1|1773673800|1773674100,XAUUSD.s|-1|1773673800|1773674100|A1,1,首次恢复,2026.03.16 15:45:00,2026.03.16 15:50:00,2026.03.16 15:50:00,2026.03.16 16:15:48,M15_BEAR,M5_BULL,WEAKENING,PRIMARY_PULLBACK,OPPOSITE_M5_PAUSE_NO_AUTO_COUNTER,PRIMARY_ALIGNED,HEALTHY,ENTRY_READY,HEALTHY_STRONG_ENGULF_ENTRY_READY,PRELIMINARY,PRIMARY_RECOVERY,2026.03.16 15:15,5024.79,HEALTHY_PULLBACK+FIRST_RECOVERY+STRONG_ENGULF_CLOSE,,5017.64,5026.79,4993.36,9.1500,2.6536,2.6536,5017.6400,-0.0000,5,0.05,45.75,0.4674,0.16,0.00,0.00,5026.79,STOP,-45.75,0.5617,-1.0033,REAL_TICK,1,机械规则通过，需人工看图,Route、生命周期、权限、因果链和去重检查通过,信号时M5状态仍处于反向回调/未翻向，需人工判断恢复位置,计划计算通过,SL/Target方向、风险距离和成交时RR检查通过,PASS,需人工判断回调是否已演变为独立反向趋势,PASS,PASS,PASS,PASS,5/5 PASS,未达到1R MFE即触及结构止损,入场信号位置待人工判断,,,,
T049,2026_MARCH,SELL,A_HEALTHY_FIRST_RESUME,XAUUSD.s|-1|1773681000|1773681300,XAUUSD.s|-1|1773681000|1773681300|A1,1,首次恢复,2026.03.16 17:20:00,2026.03.16 17:25:00,2026.03.16 17:25:00,2026.03.16 17:48:05,M15_BEAR,M5_UNCLEAR,WEAKENING,TRANSITION,ORDINARY_PAUSED,PRIMARY_ALIGNED,HEALTHY,ENTRY_READY,HEALTHY_FIRST_RECOVERY_ENTRY_READY,CONFIRMED,PRIMARY_RECOVERY,2026.03.16 17:15,5029.96,HEALTHY_PULLBACK+FIRST_RECOVERY_SIGNAL,,5021.65,5031.96,4993.36,10.3100,2.7439,2.7439,5021.6300,-0.0019,5,0.04,41.24,0.4233,0.16,0.00,0.00,4993.36,TARGET,113.16,2.7653,-0.0417,REAL_TICK,1,机械规则通过，需人工看图,Route、生命周期、权限、因果链和去重检查通过,信号时M5状态仍处于反向回调/未翻向，需人工判断恢复位置,计划计算通过,SL/Target方向、风险距离和成交时RR检查通过,PASS,需人工判断回调是否已演变为独立反向趋势,PASS,PASS,PASS,PASS,5/5 PASS,实际目标先触及,入场信号位置待人工判断,,,,
T050,2026_MARCH,SELL,A_HEALTHY_FIRST_RESUME,XAUUSD.s|-1|1773701400|1773701700,XAUUSD.s|-1|1773701400|1773701700|A1,1,首次恢复,2026.03.16 23:30:00,2026.03.16 23:35:00,2026.03.16 23:35:00,2026.03.17 04:50:31,M15_BEAR,M5_BEAR,REVERSAL,PRIMARY_ALIGNED,ORDINARY_PAUSED,PRIMARY_ALIGNED,HEALTHY,ENTRY_READY,HEALTHY_FIRST_RECOVERY_ENTRY_READY,CONFIRMED,PRIMARY_RECOVERY,2026.03.16 22:55,5021.63,HEALTHY_PULLBACK+FIRST_RECOVERY_SIGNAL,,5010.63,5023.63,4984.02,13.0000,2.0469,2.0469,5010.6400,0.0008,5,0.03,39.00,0.3957,0.20,0.00,0.00,5023.63,STOP,-39.00,1.1946,-1.0031,REAL_TICK,1,机械规则通过,Route、生命周期、权限、因果链和去重检查通过,,计划计算通过,SL/Target方向、风险距离和成交时RR检查通过,PASS,无额外状态冲突标记,PASS,PASS,PASS,PASS,5/5 PASS,曾达到1R以上MFE后最终止损；只说明需要检查管理，不证明退出错误,机械规则与计划均通过但亏损,,,,
T051,2026_MARCH,SELL,A_HEALTHY_FIRST_RESUME,XAUUSD.s|-1|1773771900|1773772800,XAUUSD.s|-1|1773771900|1773772800|A1,1,首次恢复,2026.03.17 19:50:00,2026.03.17 19:55:00,2026.03.17 19:55:00,2026.03.17 20:24:03,M15_BEAR,M5_BEAR,REVERSAL,PRIMARY_ALIGNED,ORDINARY_PAUSED,PRIMARY_ALIGNED,HEALTHY,ENTRY_READY,HEALTHY_FIRST_RECOVERY_ENTRY_READY,CONFIRMED,PRIMARY_RECOVERY,2026.03.17 19:30,5005.86,HEALTHY_PULLBACK+FIRST_RECOVERY_SIGNAL,,5000.53,5007.86,4984.02,7.3300,2.2524,2.2524,5000.5300,-0.0000,5,0.06,43.98,0.4480,0.16,0.00,0.00,5007.86,STOP,-43.98,0.0668,-1.0246,REAL_TICK,1,机械规则通过,Route、生命周期、权限、因果链和去重检查通过,,计划计算通过,SL/Target方向、风险距离和成交时RR检查通过,PASS,无额外状态冲突标记,PASS,PASS,PASS,PASS,5/5 PASS,未达到1R MFE即触及结构止损,机械规则与计划均通过但亏损,,,,
T052,2026_MARCH,SELL,A_HEALTHY_FIRST_RESUME,XAUUSD.s|-1|1773957300|1773957600,XAUUSD.s|-1|1773957300|1773957600|A1,1,首次恢复,2026.03.19 22:20:00,2026.03.19 22:25:00,2026.03.19 22:25:00,2026.03.20 01:07:23,M15_BEAR,M5_BULL,RESUME,PRIMARY_PULLBACK,OPPOSITE_M5_PAUSE_NO_AUTO_COUNTER,PRIMARY_ALIGNED,HEALTHY,ENTRY_READY,HEALTHY_FIRST_RECOVERY_ENTRY_READY,PRELIMINARY,PRIMARY_RECOVERY,2026.03.19 22:00,4663.47,HEALTHY_PULLBACK+FIRST_RECOVERY_SIGNAL,,4643.82,4665.47,4596.37,21.6500,2.1917,2.1917,4643.6700,-0.0069,5,0.02,43.30,0.4430,0.16,0.00,0.00,4665.47,STOP,-43.30,0.5413,-1.0014,REAL_TICK,1,机械规则通过，需人工看图,Route、生命周期、权限、因果链和去重检查通过,信号时M5状态仍处于反向回调/未翻向，需人工判断恢复位置,计划计算通过,SL/Target方向、风险距离和成交时RR检查通过,PASS,需人工判断回调是否已演变为独立反向趋势,PASS,PASS,PASS,PASS,5/5 PASS,未达到1R MFE即触及结构止损,入场信号位置待人工判断,,,,
T053,2026_MARCH,SELL,B_COMPLEX_H2_L2,XAUUSD.s|-1|1773983100|1773983400,XAUUSD.s|-1|1773983100|1773983400|A2,2,第二次测试,2026.03.20 07:05:00,2026.03.20 07:10:00,2026.03.20 07:10:00,2026.03.20 13:56:17,M15_BEAR,M5_BEAR,RESUME,PRIMARY_ALIGNED,PRIMARY_AND_M5_ALIGNED,PRIMARY_ALIGNED,COMPLEX,ENTRY_READY,SECOND_TEST_STRONG_ENGULF_ENTRY_READY,CONFIRMED,PRIMARY_RECOVERY,2026.03.20 05:10,4735.87,COMPLEX_PULLBACK+TRUE_SECOND_TEST+STRONG_ENGULF_CLOSE,,4718.14,4737.87,4639.60,19.7300,3.9807,3.9807,4718.1400,-0.0000,5,0.02,39.46,0.4056,0.18,0.00,0.00,4639.60,TARGET,157.08,3.9899,-0.8540,REAL_TICK,1,机械规则通过,Route、生命周期、权限、因果链和去重检查通过,,计划计算通过,SL/Target方向、风险距离和成交时RR检查通过,PASS,无额外状态冲突标记,PASS,PASS,PASS,PASS,5/5 PASS,实际目标先触及,机械规则与计划均通过且盈利,,,,
T054,2026_MARCH,SELL,A_HEALTHY_FIRST_RESUME,XAUUSD.s|-1|1773993600|1773994200,XAUUSD.s|-1|1773993600|1773994200|A1,1,首次恢复,2026.03.20 08:30:00,2026.03.20 08:35:00,2026.03.20 08:35:00,2026.03.20 11:19:23,M15_BEAR,M5_BEAR,RESUME,PRIMARY_ALIGNED,PRIMARY_AND_M5_ALIGNED,PRIMARY_ALIGNED,HEALTHY,ENTRY_READY,HEALTHY_STRONG_ENGULF_ENTRY_READY,CONFIRMED,ALIGNED_PULLBACK,2026.03.20 08:10,4723.61,HEALTHY_PULLBACK+FIRST_RECOVERY+STRONG_ENGULF_CLOSE,,4702.75,4725.61,4639.60,22.8600,2.7625,2.7625,4702.7700,0.0009,5,0.02,45.72,0.4699,0.18,0.00,0.00,4725.61,STOP,-45.72,1.7966,-1.0057,REAL_TICK,1,机械规则通过,Route、生命周期、权限、因果链和去重检查通过,,计划计算通过,SL/Target方向、风险距离和成交时RR检查通过,PASS,无额外状态冲突标记,PASS,PASS,PASS,PASS,5/5 PASS,曾达到1R以上MFE后最终止损；只说明需要检查管理，不证明退出错误,机械规则与计划均通过但亏损,,,,
T055,2026_MARCH,SELL,A_HEALTHY_FIRST_RESUME,XAUUSD.s|-1|1774009800|1774010100,XAUUSD.s|-1|1774009800|1774010100|A1,1,首次恢复,2026.03.20 15:20:00,2026.03.20 15:25:00,2026.03.20 15:25:00,2026.03.20 16:35:19,M15_BEAR,M5_BULL,RESUME,PRIMARY_PULLBACK,OPPOSITE_M5_PAUSE_NO_AUTO_COUNTER,PRIMARY_ALIGNED,HEALTHY,ENTRY_READY,HEALTHY_STRONG_ENGULF_ENTRY_READY,PRELIMINARY,PRIMARY_RECOVERY,2026.03.20 14:15,4695.53,HEALTHY_PULLBACK+FIRST_RECOVERY+STRONG_ENGULF_CLOSE,,4681.35,4697.53,4639.60,16.1800,2.5803,2.5803,4681.3600,0.0006,5,0.03,48.54,0.4932,0.18,0.00,0.00,4639.60,TARGET,125.25,2.6595,-0.1100,REAL_TICK,1,机械规则通过，需人工看图,Route、生命周期、权限、因果链和去重检查通过,信号时M5状态仍处于反向回调/未翻向，需人工判断恢复位置,计划计算通过,SL/Target方向、风险距离和成交时RR检查通过,PASS,需人工判断回调是否已演变为独立反向趋势,PASS,PASS,PASS,PASS,5/5 PASS,实际目标先触及,入场信号位置待人工判断,,,,
T056,2026_MARCH,SELL,A_HEALTHY_FIRST_RESUME,XAUUSD.s|-1|1774303800|1774335300,XAUUSD.s|-1|1774303800|1774335300|A1,1,首次恢复,2026.03.24 09:40:00,2026.03.24 09:45:00,2026.03.24 09:45:00,2026.03.24 09:56:28,M15_BEAR,M5_BULL,WEAKENING,INDEPENDENT_LOCAL_TREND,TACTICAL_SHADOW_REVIEW,PRIMARY_ALIGNED,HEALTHY,ENTRY_READY,HEALTHY_FIRST_RECOVERY_ENTRY_READY,PRELIMINARY,PRIMARY_RECOVERY,2026.03.24 09:00,4397.32,HEALTHY_PULLBACK+FIRST_RECOVERY_SIGNAL,,4377.69,4399.32,4326.74,21.6300,2.3555,2.3555,4376.7800,-0.0421,5,0.02,43.26,0.4341,0.18,0.00,0.00,4399.32,STOP,-43.26,0.1979,-1.0000,REAL_TICK,1,机械规则通过，需人工看图,Route、生命周期、权限、因果链和去重检查通过,信号时M5状态仍处于反向回调/未翻向，需人工判断恢复位置,计划计算通过,SL/Target方向、风险距离和成交时RR检查通过,PASS,需人工判断回调是否已演变为独立反向趋势,PASS,PASS,PASS,PASS,5/5 PASS,未达到1R MFE即触及结构止损,入场信号位置待人工判断,,,,
T057,2026_MARCH,SELL,A_HEALTHY_FIRST_RESUME,XAUUSD.s|-1|1774349100|1774349400,XAUUSD.s|-1|1774349100|1774349400|A1,1,首次恢复,2026.03.24 11:15:00,2026.03.24 11:20:00,2026.03.24 11:20:00,2026.03.24 13:55:58,M15_BEAR,M5_BULL,WEAKENING,PRIMARY_PULLBACK,OPPOSITE_M5_PAUSE_NO_AUTO_COUNTER,PRIMARY_ALIGNED,HEALTHY,ENTRY_READY,HEALTHY_FIRST_RECOVERY_ENTRY_READY,CONFIRMED,PRIMARY_RECOVERY,2026.03.24 10:50,4432.78,HEALTHY_PULLBACK+FIRST_RECOVERY_SIGNAL,,4405.18,4434.78,4326.74,29.6000,2.6500,2.6500,4405.1900,0.0003,5,0.01,29.60,0.2983,0.18,0.00,0.00,4434.78,STOP,-29.60,0.4574,-1.0014,REAL_TICK,1,机械规则通过，需人工看图,Route、生命周期、权限、因果链和去重检查通过,信号时M5状态仍处于反向回调/未翻向，需人工判断恢复位置,计划计算通过,SL/Target方向、风险距离和成交时RR检查通过,PASS,需人工判断回调是否已演变为独立反向趋势,PASS,PASS,PASS,PASS,5/5 PASS,未达到1R MFE即触及结构止损,入场信号位置待人工判断,,,,
T058,2026_MARCH,SELL,A_HEALTHY_FIRST_RESUME,XAUUSD.s|-1|1774418400|1774420500,XAUUSD.s|-1|1774418400|1774420500|A1,1,首次恢复,2026.03.25 06:40:00,2026.03.25 06:45:00,2026.03.25 06:45:00,2026.03.25 14:23:10,M15_BEAR,M5_UNCLEAR,WEAKENING,TRANSITION,ORDINARY_PAUSED,PRIMARY_ALIGNED,HEALTHY,ENTRY_READY,HEALTHY_STRONG_ENGULF_ENTRY_READY,PRELIMINARY,PRIMARY_RECOVERY,2026.03.25 06:35,4578.02,HEALTHY_PULLBACK+FIRST_RECOVERY+STRONG_ENGULF_CLOSE,,4569.93,4580.02,4455.98,10.0900,11.2934,11.2934,4569.9300,-0.0000,5,0.04,40.36,0.4079,0.16,0.00,0.00,4580.02,STOP,-40.36,4.1229,-1.0139,REAL_TICK,1,机械规则通过，需人工看图,Route、生命周期、权限、因果链和去重检查通过,信号时M5状态仍处于反向回调/未翻向，需人工判断恢复位置,计划计算通过,SL/Target方向、风险距离和成交时RR检查通过,PASS,需人工判断回调是否已演变为独立反向趋势,PASS,PASS,PASS,PASS,5/5 PASS,曾达到2R以上MFE后最终止损；只说明需要检查管理，不证明退出错误,入场信号位置待人工判断,,,,
T059,2026_MARCH,SELL,A_HEALTHY_FIRST_RESUME,XAUUSD.s|-1|1774418400|1774421400,XAUUSD.s|-1|1774418400|1774421400|A1,1,首次恢复,2026.03.25 07:30:00,2026.03.25 07:35:00,2026.03.25 07:35:00,2026.03.25 14:22:39,M15_BEAR,M5_BEAR,WEAKENING,PRIMARY_ALIGNED,ORDINARY_PAUSED,PRIMARY_ALIGNED,HEALTHY,ENTRY_READY,HEALTHY_FIRST_RECOVERY_ENTRY_READY,CONFIRMED,ALIGNED_PULLBACK,2026.03.25 07:00,4574.65,HEALTHY_PULLBACK+FIRST_RECOVERY_SIGNAL,,4571.36,4576.65,4455.98,5.2900,21.8110,21.8110,4571.3600,-0.0000,5,0.09,47.61,0.4812,0.16,0.00,0.00,4576.65,STOP,-47.61,8.1342,-1.0019,REAL_TICK,1,机械规则通过,Route、生命周期、权限、因果链和去重检查通过,,计划计算通过,SL/Target方向、风险距离和成交时RR检查通过,PASS,无额外状态冲突标记,PASS,PASS,PASS,PASS,5/5 PASS,曾达到2R以上MFE后最终止损；只说明需要检查管理，不证明退出错误,机械规则与计划均通过但亏损,,,,
T060,2026_MARCH,SELL,A_HEALTHY_FIRST_RESUME,XAUUSD.s|-1|1774490400|1774503600,XAUUSD.s|-1|1774490400|1774503600|A1,1,首次恢复,2026.03.26 07:35:00,2026.03.26 07:40:00,2026.03.26 07:40:00,2026.03.26 08:26:19,M15_BEAR,M5_BULL,WEAKENING,INDEPENDENT_LOCAL_TREND,TACTICAL_SHADOW_REVIEW,PRIMARY_ALIGNED,HEALTHY,ENTRY_READY,HEALTHY_STRONG_ENGULF_ENTRY_READY,PRELIMINARY,PRIMARY_RECOVERY,2026.03.26 07:15,4522.50,HEALTHY_PULLBACK+FIRST_RECOVERY+STRONG_ENGULF_CLOSE,,4517.47,4524.50,4500.04,7.0300,2.4794,2.4794,4517.4700,-0.0000,5,0.06,42.18,0.4302,0.16,0.00,0.00,4500.04,TARGET,104.58,2.5491,-0.9900,REAL_TICK,1,机械规则通过，需人工看图,Route、生命周期、权限、因果链和去重检查通过,信号时M5状态仍处于反向回调/未翻向，需人工判断恢复位置,计划计算通过,SL/Target方向、风险距离和成交时RR检查通过,PASS,需人工判断回调是否已演变为独立反向趋势,PASS,PASS,PASS,PASS,5/5 PASS,实际目标先触及,入场信号位置待人工判断,,,,
T061,2026_MARCH,SELL,B_COMPLEX_H2_L2,XAUUSD.s|-1|1774584600|1774584900,XAUUSD.s|-1|1774584600|1774584900|A2,2,第二次测试,2026.03.27 05:15:00,2026.03.27 05:20:00,2026.03.27 05:20:00,2026.03.27 05:47:12,M15_BEAR,M5_BULL,RESUME,PRIMARY_PULLBACK,OPPOSITE_M5_PAUSE_NO_AUTO_COUNTER,PRIMARY_ALIGNED,COMPLEX,ENTRY_READY,SECOND_TEST_STRONG_ENGULF_ENTRY_READY,PRELIMINARY,PRIMARY_RECOVERY,2026.03.27 04:15,4420.63,COMPLEX_PULLBACK+TRUE_SECOND_TEST+STRONG_ENGULF_CLOSE,,4429.62,4435.93,4375.59,6.3100,8.5626,8.5626,4429.6200,-0.0000,5,0.07,44.17,0.4457,0.16,0.00,0.00,4435.93,STOP,-44.17,0.7401,-1.0190,REAL_TICK,1,机械规则通过，需人工看图,Route、生命周期、权限、因果链和去重检查通过,信号时M5状态仍处于反向回调/未翻向，需人工判断恢复位置,计划计算通过,SL/Target方向、风险距离和成交时RR检查通过,PASS,需人工判断回调是否已演变为独立反向趋势,PASS,PASS,PASS,PASS,5/5 PASS,未达到1R MFE即触及结构止损,入场信号位置待人工判断,,,,
T062,2026_MARCH,SELL,A_HEALTHY_FIRST_RESUME,XAUUSD.s|-1|1774640100|1774641300,XAUUSD.s|-1|1774640100|1774641300|A1,1,首次恢复,2026.03.27 20:15:00,2026.03.27 20:20:00,2026.03.27 20:20:00,2026.03.27 21:37:13,M15_BEAR,M5_BEAR,RESUME,PRIMARY_ALIGNED,PRIMARY_AND_M5_ALIGNED,PRIMARY_ALIGNED,HEALTHY,ENTRY_READY,HEALTHY_FIRST_RECOVERY_ENTRY_READY,CONFIRMED,ALIGNED_PULLBACK,2026.03.27 19:55,4522.08,HEALTHY_PULLBACK+FIRST_RECOVERY_SIGNAL,,4500.67,4524.08,4413.83,23.4100,3.7095,3.7095,4500.5600,-0.0047,5,0.02,46.82,0.4746,0.16,0.00,0.00,4524.08,STOP,-46.82,0.5955,-1.0000,REAL_TICK,1,机械规则通过,Route、生命周期、权限、因果链和去重检查通过,,计划计算通过,SL/Target方向、风险距离和成交时RR检查通过,PASS,无额外状态冲突标记,PASS,PASS,PASS,PASS,5/5 PASS,未达到1R MFE即触及结构止损,机械规则与计划均通过但亏损,,,,
T063,2026_MARCH,SELL,A_HEALTHY_FIRST_RESUME,XAUUSD.s|-1|1774640100|1774643400,XAUUSD.s|-1|1774640100|1774643400|A1,1,首次恢复,2026.03.27 20:35:00,2026.03.27 20:40:00,2026.03.27 20:40:00,2026.03.27 21:15:14,M15_BEAR,M5_BEAR,PULLBACK,PRIMARY_ALIGNED,PRIMARY_AND_M5_ALIGNED,PRIMARY_ALIGNED,HEALTHY,ENTRY_READY,HEALTHY_STRONG_ENGULF_ENTRY_READY,CONFIRMED,ALIGNED_PULLBACK,2026.03.27 20:35,4500.16,HEALTHY_PULLBACK+FIRST_RECOVERY+STRONG_ENGULF_CLOSE,,4491.43,4502.16,4413.83,10.7300,7.2321,7.2321,4491.6200,0.0177,5,0.04,42.92,0.4350,0.16,0.00,0.00,4502.16,STOP,-42.92,0.4380,-1.0298,REAL_TICK,1,机械规则通过,Route、生命周期、权限、因果链和去重检查通过,,计划计算通过,SL/Target方向、风险距离和成交时RR检查通过,PASS,无额外状态冲突标记,PASS,PASS,PASS,PASS,5/5 PASS,未达到1R MFE即触及结构止损,机械规则与计划均通过但亏损,,,,
T064,2026_MARCH,SELL,A_HEALTHY_FIRST_RESUME,XAUUSD.s|-1|1774640100|1774652700,XAUUSD.s|-1|1774640100|1774652700|A1,1,首次恢复,2026.03.27 23:45:00,2026.03.27 23:50:00,2026.03.27 23:50:00,2026.03.30 09:09:01,M15_BEAR,M5_BEAR,RESUME,PRIMARY_ALIGNED,PRIMARY_AND_M5_ALIGNED,PRIMARY_ALIGNED,HEALTHY,ENTRY_READY,HEALTHY_STRONG_ENGULF_ENTRY_READY,CONFIRMED,PRIMARY_RECOVERY,2026.03.27 23:05,4513.53,HEALTHY_PULLBACK+FIRST_RECOVERY+STRONG_ENGULF_CLOSE,,4498.98,4530.66,4413.83,31.6800,2.6878,2.6878,4498.9800,-0.0000,5,0.01,31.68,0.3240,0.14,0.00,0.00,4530.66,STOP,-31.68,2.4874,-1.0098,REAL_TICK,1,机械规则通过,Route、生命周期、权限、因果链和去重检查通过,,计划计算通过,SL/Target方向、风险距离和成交时RR检查通过,PASS,无额外状态冲突标记,PASS,PASS,PASS,PASS,5/5 PASS,曾达到2R以上MFE后最终止损；只说明需要检查管理，不证明退出错误,机械规则与计划均通过但亏损,,,,
T065,2026_MARCH,SELL,A_HEALTHY_FIRST_RESUME,XAUUSD.s|-1|1774854300|1774855200,XAUUSD.s|-1|1774854300|1774855200|A1,1,首次恢复,2026.03.30 07:30:00,2026.03.30 07:35:00,2026.03.30 07:35:00,2026.03.30 07:57:28,M15_BEAR,M5_BEAR,RESUME,PRIMARY_ALIGNED,PRIMARY_AND_M5_ALIGNED,PRIMARY_ALIGNED,HEALTHY,ENTRY_READY,HEALTHY_FIRST_RECOVERY_ENTRY_READY,CONFIRMED,ALIGNED_PULLBACK,2026.03.30 07:20,4495.65,HEALTHY_PULLBACK+FIRST_RECOVERY_SIGNAL,,4488.06,4497.65,4459.13,9.5900,3.0167,3.0167,4488.0600,-0.0000,5,0.05,47.95,0.4905,0.16,0.00,0.00,4497.65,STOP,-47.95,0.1616,-1.0063,REAL_TICK,1,机械规则通过,Route、生命周期、权限、因果链和去重检查通过,,计划计算通过,SL/Target方向、风险距离和成交时RR检查通过,PASS,无额外状态冲突标记,PASS,PASS,PASS,PASS,5/5 PASS,未达到1R MFE即触及结构止损,机械规则与计划均通过但亏损,,,,
T066,2026_MARCH,SELL,A_HEALTHY_FIRST_RESUME,XAUUSD.s|-1|1774888800|1774899000,XAUUSD.s|-1|1774888800|1774899000|A1,1,首次恢复,2026.03.30 19:45:00,2026.03.30 19:50:00,2026.03.30 19:50:00,2026.03.30 20:34:08,M15_BEAR,M5_UNCLEAR,WEAKENING,TRANSITION,ORDINARY_PAUSED,PRIMARY_ALIGNED,HEALTHY,ENTRY_READY,HEALTHY_STRONG_ENGULF_ENTRY_READY,PRELIMINARY,PRIMARY_RECOVERY,2026.03.30 19:30,4548.74,HEALTHY_PULLBACK+FIRST_RECOVERY+STRONG_ENGULF_CLOSE,,4541.77,4550.74,4515.85,8.9700,2.8896,2.8896,4541.7600,-0.0011,5,0.05,44.85,0.4625,0.16,0.00,0.00,4515.85,TARGET,129.60,2.9097,-0.2642,REAL_TICK,1,机械规则通过，需人工看图,Route、生命周期、权限、因果链和去重检查通过,信号时M5状态仍处于反向回调/未翻向，需人工判断恢复位置,计划计算通过,SL/Target方向、风险距离和成交时RR检查通过,PASS,需人工判断回调是否已演变为独立反向趋势,PASS,PASS,PASS,PASS,5/5 PASS,实际目标先触及,入场信号位置待人工判断,,,,
T067,2026_MARCH,SELL,A_HEALTHY_FIRST_RESUME,XAUUSD.s|-1|1774935900|1774938300,XAUUSD.s|-1|1774935900|1774938300|A1,1,首次恢复,2026.03.31 08:50:00,2026.03.31 08:55:00,2026.03.31 08:55:00,2026.03.31 10:18:48,M15_BEAR,M5_BULL,RESUME,INDEPENDENT_LOCAL_TREND,TACTICAL_SHADOW_REVIEW,PRIMARY_ALIGNED,HEALTHY,ENTRY_READY,HEALTHY_STRONG_ENGULF_ENTRY_READY,PRELIMINARY,PRIMARY_RECOVERY,2026.03.31 08:45,4581.80,HEALTHY_PULLBACK+FIRST_RECOVERY+STRONG_ENGULF_CLOSE,,4574.06,4583.80,4550.37,9.7400,2.4322,2.4322,4574.1200,0.0062,5,0.05,48.70,0.4956,0.16,0.00,0.00,4550.37,TARGET,118.45,2.4322,-0.0903,REAL_TICK,1,机械规则通过，需人工看图,Route、生命周期、权限、因果链和去重检查通过,信号时M5状态仍处于反向回调/未翻向，需人工判断恢复位置,计划计算通过,SL/Target方向、风险距离和成交时RR检查通过,PASS,需人工判断回调是否已演变为独立反向趋势,PASS,PASS,PASS,PASS,5/5 PASS,实际目标先触及,入场信号位置待人工判断,,,,
T068,2026_MARCH,SELL,B_COMPLEX_H2_L2,XAUUSD.s|-1|1774982100|1774982400,XAUUSD.s|-1|1774982100|1774982400|A2,2,第二次测试,2026.03.31 20:55:00,2026.03.31 21:00:00,2026.03.31 21:00:00,2026.03.31 21:09:19,M15_BEAR,M5_BULL,PULLBACK,INDEPENDENT_LOCAL_TREND,TACTICAL_SHADOW_REVIEW,PRIMARY_ALIGNED,COMPLEX,ENTRY_READY,SECOND_TEST_SIGNAL_ENTRY_READY,OBSERVING,PRIMARY_RECOVERY,2026.03.31 18:40,4663.64,COMPLEX_PULLBACK+TRUE_SECOND_TEST+NEW_SIGNAL,,4654.61,4665.64,4607.09,11.0300,4.3083,4.3083,4655.0500,0.0399,5,0.04,44.12,0.4437,0.16,0.00,0.00,4665.64,STOP,-44.12,0.0734,-1.0127,REAL_TICK,1,机械规则通过，需人工看图,Route、生命周期、权限、因果链和去重检查通过,信号时M5状态仍处于反向回调/未翻向，需人工判断恢复位置,计划计算通过,SL/Target方向、风险距离和成交时RR检查通过,PASS,需人工判断回调是否已演变为独立反向趋势,PASS,PASS,PASS,PASS,5/5 PASS,未达到1R MFE即触及结构止损,入场信号位置待人工判断,,,,
T069,2026_MAY,BUY,B_COMPLEX_H2_L2,XAUUSD.s|1|1777625100|1777625400,XAUUSD.s|1|1777625100|1777625400|A2,2,第二次测试,2026.05.01 10:10:00,2026.05.01 10:15:00,2026.05.01 10:15:00,2026.05.01 10:22:21,M15_BULL,M5_BEAR,WEAKENING,INDEPENDENT_LOCAL_TREND,TACTICAL_SHADOW_REVIEW,PRIMARY_ALIGNED,COMPLEX,ENTRY_READY,SECOND_TEST_STRONG_ENGULF_ENTRY_READY,CONFIRMED,PRIMARY_RECOVERY,2026.05.01 08:50,4590.15,COMPLEX_PULLBACK+TRUE_SECOND_TEST+STRONG_ENGULF_CLOSE,,4596.17,4588.15,4616.14,8.0200,2.4900,2.4900,4595.9800,0.0237,5,0.06,48.12,0.4812,0.16,0.00,0.00,4588.15,STOP,-48.12,0.2394,-1.0287,REAL_TICK,1,机械规则通过，需人工看图,Route、生命周期、权限、因果链和去重检查通过,信号时M5状态仍处于反向回调/未翻向，需人工判断恢复位置,计划计算通过,SL/Target方向、风险距离和成交时RR检查通过,PASS,需人工判断回调是否已演变为独立反向趋势,PASS,PASS,PASS,PASS,5/5 PASS,未达到1R MFE即触及结构止损,入场信号位置待人工判断,,,,
T070,2026_MAY,BUY,B_COMPLEX_H2_L2,XAUUSD.s|1|1777632000|1777632300,XAUUSD.s|1|1777632000|1777632300|A2,2,第二次测试,2026.05.01 11:30:00,2026.05.01 11:35:00,2026.05.01 11:35:00,2026.05.01 11:35:12,M15_BULL,M5_BEAR,RESUME,INDEPENDENT_LOCAL_TREND,TACTICAL_SHADOW_REVIEW,PRIMARY_ALIGNED,COMPLEX,ENTRY_READY,SECOND_TEST_STRONG_ENGULF_ENTRY_READY,PRELIMINARY,PRIMARY_RECOVERY,2026.05.01 10:45,4575.90,COMPLEX_PULLBACK+TRUE_SECOND_TEST+STRONG_ENGULF_CLOSE,,4572.05,4571.49,4598.09,0.5600,46.5000,46.5000,4571.8900,0.2857,5,0.88,49.28,0.4952,0.16,0.00,0.00,4571.49,STOP,-49.28,0.1250,-1.1964,REAL_TICK,1,机械规则通过，需人工看图,Route、生命周期、权限、因果链和去重检查通过,信号时M5状态仍处于反向回调/未翻向，需人工判断恢复位置,计划计算通过，需人工核对位置,成交相对信号收盘延伸0.29R,PASS,需人工判断回调是否已演变为独立反向趋势,PASS,PASS,PASS,PASS,5/5 PASS,未达到1R MFE即触及结构止损,入场信号位置待人工判断,,,,
T071,2026_MAY,BUY,A_HEALTHY_FIRST_RESUME,XAUUSD.s|1|1777673400|1777673400,XAUUSD.s|1|1777673400|1777673400|A1,1,首次恢复,2026.05.01 22:10:00,2026.05.01 22:15:00,2026.05.01 22:15:00,2026.05.01 22:32:41,M15_BULL,M5_UNCLEAR,WEAKENING,TRANSITION,ORDINARY_PAUSED,PRIMARY_ALIGNED,HEALTHY,ENTRY_READY,HEALTHY_STRONG_ENGULF_ENTRY_READY,PRELIMINARY,PRIMARY_RECOVERY,2026.05.01 22:10,4621.86,HEALTHY_PULLBACK+FIRST_RECOVERY+STRONG_ENGULF_CLOSE,,4626.38,4619.86,4650.03,6.5200,3.6273,3.6273,4626.2500,0.0199,5,0.07,45.64,0.4609,0.14,0.00,0.00,4619.86,STOP,-45.64,0.2025,-1.0015,REAL_TICK,1,机械规则通过，需人工看图,Route、生命周期、权限、因果链和去重检查通过,信号时M5状态仍处于反向回调/未翻向，需人工判断恢复位置,计划计算通过,SL/Target方向、风险距离和成交时RR检查通过,PASS,需人工判断回调是否已演变为独立反向趋势,PASS,PASS,PASS,PASS,5/5 PASS,未达到1R MFE即触及结构止损,入场信号位置待人工判断,,,,
T072,2026_MAY,BUY,B_COMPLEX_H2_L2,XAUUSD.s|1|1778177400|1778177700,XAUUSD.s|1|1778177400|1778177700|A2,2,第二次测试,2026.05.07 20:20:00,2026.05.07 20:25:00,2026.05.07 20:25:00,2026.05.07 20:25:55,M15_BULL,M5_BEAR,WEAKENING,PRIMARY_PULLBACK,OPPOSITE_M5_PAUSE_NO_AUTO_COUNTER,PRIMARY_ALIGNED,COMPLEX,ENTRY_READY,SECOND_TEST_STRONG_ENGULF_ENTRY_READY,OBSERVING,PRIMARY_RECOVERY,2026.05.07 18:15,4704.44,COMPLEX_PULLBACK+TRUE_SECOND_TEST+STRONG_ENGULF_CLOSE,,4715.79,4702.44,4764.74,13.3500,3.6667,3.6667,4715.6200,0.0127,5,0.03,40.05,0.4063,0.16,0.00,0.00,4702.44,STOP,-40.05,0.2502,-1.0142,REAL_TICK,1,机械规则通过，需人工看图,Route、生命周期、权限、因果链和去重检查通过,信号时M5状态仍处于反向回调/未翻向，需人工判断恢复位置,计划计算通过,SL/Target方向、风险距离和成交时RR检查通过,PASS,需人工判断回调是否已演变为独立反向趋势,PASS,PASS,PASS,PASS,5/5 PASS,未达到1R MFE即触及结构止损,入场信号位置待人工判断,,,,
T073,2026_MAY,BUY,A_HEALTHY_FIRST_RESUME,XAUUSD.s|1|1778221800|1778231100,XAUUSD.s|1|1778221800|1778231100|A1,1,首次恢复,2026.05.08 09:25:00,2026.05.08 09:30:00,2026.05.08 09:30:00,2026.05.08 10:11:31,M15_BULL,M5_UNCLEAR,WEAKENING,TRANSITION,ORDINARY_PAUSED,PRIMARY_ALIGNED,HEALTHY,ENTRY_READY,HEALTHY_STRONG_ENGULF_ENTRY_READY,PRELIMINARY,PRIMARY_RECOVERY,2026.05.08 09:20,4724.54,HEALTHY_PULLBACK+FIRST_RECOVERY+STRONG_ENGULF_CLOSE,,4733.79,4719.66,4764.74,14.1300,2.1904,2.1904,4733.6200,0.0120,5,0.03,42.39,0.4318,0.16,0.00,0.00,4719.66,STOP,-42.39,0.0347,-1.0028,REAL_TICK,1,机械规则通过，需人工看图,Route、生命周期、权限、因果链和去重检查通过,信号时M5状态仍处于反向回调/未翻向，需人工判断恢复位置,计划计算通过,SL/Target方向、风险距离和成交时RR检查通过,PASS,需人工判断回调是否已演变为独立反向趋势,PASS,PASS,PASS,PASS,5/5 PASS,未达到1R MFE即触及结构止损,入场信号位置待人工判断,,,,
T074,2026_MAY,SELL,A_HEALTHY_FIRST_RESUME,XAUUSD.s|-1|1778576400|1778575200,XAUUSD.s|-1|1778576400|1778575200|A1,1,首次恢复,2026.05.12 09:00:00,2026.05.12 09:05:00,2026.05.12 09:05:00,2026.05.12 18:02:21,M15_BEAR,M5_UNCLEAR,WEAKENING,TRANSITION,ORDINARY_PAUSED,PRIMARY_ALIGNED,HEALTHY,ENTRY_READY,HEALTHY_STRONG_ENGULF_ENTRY_READY,PRELIMINARY,PRIMARY_RECOVERY,2026.05.12 08:40,4719.94,HEALTHY_PULLBACK+FIRST_RECOVERY+STRONG_ENGULF_CLOSE,,4706.87,4721.94,4667.56,15.0700,2.6085,2.6085,4706.9000,0.0020,5,0.03,45.21,0.4625,0.16,0.00,0.00,4667.56,TARGET,117.93,2.6184,-0.3205,REAL_TICK,1,机械规则通过，需人工看图,Route、生命周期、权限、因果链和去重检查通过,信号时M5状态仍处于反向回调/未翻向，需人工判断恢复位置,计划计算通过,SL/Target方向、风险距离和成交时RR检查通过,PASS,需人工判断回调是否已演变为独立反向趋势,PASS,PASS,PASS,PASS,5/5 PASS,实际目标先触及,入场信号位置待人工判断,,,,
T075,2026_MAY,SELL,A_HEALTHY_FIRST_RESUME,XAUUSD.s|-1|1778576400|1778578200,XAUUSD.s|-1|1778576400|1778578200|A1,1,首次恢复,2026.05.12 09:45:00,2026.05.12 09:50:00,2026.05.12 09:50:00,2026.05.12 11:02:55,M15_BEAR,M5_BEAR,WEAKENING,PRIMARY_ALIGNED,ORDINARY_PAUSED,PRIMARY_ALIGNED,HEALTHY,ENTRY_READY,HEALTHY_FIRST_RECOVERY_ENTRY_READY,CONFIRMED,ALIGNED_PULLBACK,2026.05.12 09:45,4704.35,HEALTHY_PULLBACK+FIRST_RECOVERY_SIGNAL,,4696.90,4706.75,4667.56,9.8500,2.9787,2.9787,4696.8600,-0.0041,5,0.04,39.40,0.4031,0.16,0.00,0.00,4706.75,STOP,-39.40,0.9310,-1.0071,REAL_TICK,1,机械规则通过,Route、生命周期、权限、因果链和去重检查通过,,计划计算通过,SL/Target方向、风险距离和成交时RR检查通过,PASS,无额外状态冲突标记,PASS,PASS,PASS,PASS,5/5 PASS,未达到1R MFE即触及结构止损,机械规则与计划均通过但亏损,,,,
T076,2026_MAY,SELL,B_COMPLEX_H2_L2,XAUUSD.s|-1|1779148200|1779148500,XAUUSD.s|-1|1779148200|1779148500|A2,2,第二次测试,2026.05.19 01:50:00,2026.05.19 01:55:00,2026.05.19 01:55:00,2026.05.19 02:01:18,M15_BEAR,M5_BULL,WEAKENING,INDEPENDENT_LOCAL_TREND,TACTICAL_SHADOW_REVIEW,PRIMARY_ALIGNED,COMPLEX,ENTRY_READY,SECOND_TEST_STRONG_ENGULF_ENTRY_READY,PRELIMINARY,PRIMARY_RECOVERY,2026.05.18 23:55,4574.77,COMPLEX_PULLBACK+TRUE_SECOND_TEST+STRONG_ENGULF_CLOSE,,4573.80,4577.94,4534.35,4.1400,9.5290,9.5290,4573.7800,-0.0048,5,0.11,45.54,0.4622,0.14,0.00,0.00,4577.94,STOP,-45.54,0.2681,-1.0556,REAL_TICK,1,机械规则通过，需人工看图,Route、生命周期、权限、因果链和去重检查通过,信号时M5状态仍处于反向回调/未翻向，需人工判断恢复位置,计划计算通过,SL/Target方向、风险距离和成交时RR检查通过,PASS,需人工判断回调是否已演变为独立反向趋势,PASS,PASS,PASS,PASS,5/5 PASS,未达到1R MFE即触及结构止损,入场信号位置待人工判断,,,,
T077,2026_MAY,SELL,A_HEALTHY_FIRST_RESUME,XAUUSD.s|-1|1779223500|1779224100,XAUUSD.s|-1|1779223500|1779224100|A1,1,首次恢复,2026.05.19 21:50:00,2026.05.19 21:55:00,2026.05.19 21:55:00,2026.05.20 03:30:49,M15_BEAR,M5_BEAR,WEAKENING,PRIMARY_ALIGNED,ORDINARY_PAUSED,PRIMARY_ALIGNED,HEALTHY,ENTRY_READY,HEALTHY_STRONG_ENGULF_ENTRY_READY,CONFIRMED,ALIGNED_PULLBACK,2026.05.19 21:40,4500.85,HEALTHY_PULLBACK+FIRST_RECOVERY+STRONG_ENGULF_CLOSE,,4493.90,4505.77,4464.95,11.8700,2.4389,2.4389,4493.9100,0.0008,5,0.04,47.48,0.4841,0.16,0.00,0.00,4505.77,STOP,-47.48,1.3639,-1.0110,REAL_TICK,1,机械规则通过,Route、生命周期、权限、因果链和去重检查通过,,计划计算通过,SL/Target方向、风险距离和成交时RR检查通过,PASS,无额外状态冲突标记,PASS,PASS,PASS,PASS,5/5 PASS,曾达到1R以上MFE后最终止损；只说明需要检查管理，不证明退出错误,机械规则与计划均通过但亏损,,,,
T078,2026_MAY,BUY,A_HEALTHY_FIRST_RESUME,XAUUSD.s|1|1779483600|1779483900,XAUUSD.s|1|1779483600|1779483900|A1,1,首次恢复,2026.05.22 21:50:00,2026.05.22 21:55:00,2026.05.22 21:55:00,2026.05.22 22:03:02,M15_BULL,M5_BEAR,WEAKENING,PRIMARY_PULLBACK,OPPOSITE_M5_PAUSE_NO_AUTO_COUNTER,PRIMARY_ALIGNED,HEALTHY,ENTRY_READY,HEALTHY_STRONG_ENGULF_ENTRY_READY,PRELIMINARY,PRIMARY_RECOVERY,2026.05.22 21:05,4512.55,HEALTHY_PULLBACK+FIRST_RECOVERY+STRONG_ENGULF_CLOSE,,4515.58,4509.98,4526.82,5.6000,2.0071,2.0071,4515.4300,0.0268,5,0.08,44.80,0.4590,0.16,0.00,0.00,4509.98,STOP,-44.80,0.0518,-1.0143,REAL_TICK,1,机械规则通过，需人工看图,Route、生命周期、权限、因果链和去重检查通过,信号时M5状态仍处于反向回调/未翻向，需人工判断恢复位置,计划计算通过,SL/Target方向、风险距离和成交时RR检查通过,PASS,需人工判断回调是否已演变为独立反向趋势,PASS,PASS,PASS,PASS,5/5 PASS,未达到1R MFE即触及结构止损,入场信号位置待人工判断,,,,
T079,2026_MAY,BUY,B_COMPLEX_H2_L2,XAUUSD.s|1|1779762300|1779762600,XAUUSD.s|1|1779762300|1779762600|A2,2,第二次测试,2026.05.26 03:25:00,2026.05.26 03:30:00,2026.05.26 03:30:00,2026.05.26 03:38:54,M15_BULL,M5_BEAR,WEAKENING,PRIMARY_PULLBACK,OPPOSITE_M5_PAUSE_NO_AUTO_COUNTER,PRIMARY_ALIGNED,COMPLEX,ENTRY_READY,SECOND_TEST_STRONG_ENGULF_ENTRY_READY,PRELIMINARY,PRIMARY_RECOVERY,2026.05.26 02:30,4555.27,COMPLEX_PULLBACK+TRUE_SECOND_TEST+STRONG_ENGULF_CLOSE,,4549.49,4547.41,4579.59,2.0800,14.4712,14.4712,4549.3400,0.0721,5,0.23,47.84,0.4924,0.18,0.00,0.00,4547.41,STOP,-47.84,1.7115,-1.0385,REAL_TICK,1,机械规则通过，需人工看图,Route、生命周期、权限、因果链和去重检查通过,信号时M5状态仍处于反向回调/未翻向，需人工判断恢复位置,计划计算通过,SL/Target方向、风险距离和成交时RR检查通过,PASS,需人工判断回调是否已演变为独立反向趋势,PASS,PASS,PASS,PASS,5/5 PASS,曾达到1R以上MFE后最终止损；只说明需要检查管理，不证明退出错误,入场信号位置待人工判断,,,,
T080,2026_MAY,BUY,B_COMPLEX_H2_L2,XAUUSD.s|1|1779773400|1779773700,XAUUSD.s|1|1779773400|1779773700|A2,2,第二次测试,2026.05.26 06:05:00,2026.05.26 06:10:00,2026.05.26 06:10:00,2026.05.26 07:36:48,M15_BULL,M5_BEAR,WEAKENING,PRIMARY_PULLBACK,OPPOSITE_M5_PAUSE_NO_AUTO_COUNTER,PRIMARY_ALIGNED,COMPLEX,ENTRY_READY,SECOND_TEST_STRONG_ENGULF_ENTRY_READY,PRELIMINARY,PRIMARY_RECOVERY,2026.05.26 05:35,4533.72,COMPLEX_PULLBACK+TRUE_SECOND_TEST+STRONG_ENGULF_CLOSE,,4535.97,4529.30,4579.59,6.6700,6.5397,6.5397,4535.8300,0.0210,5,0.07,46.69,0.4830,0.18,0.00,0.00,4529.30,STOP,-46.69,1.4123,-1.0420,REAL_TICK,1,机械规则通过，需人工看图,Route、生命周期、权限、因果链和去重检查通过,信号时M5状态仍处于反向回调/未翻向，需人工判断恢复位置,计划计算通过,SL/Target方向、风险距离和成交时RR检查通过,PASS,需人工判断回调是否已演变为独立反向趋势,PASS,PASS,PASS,PASS,5/5 PASS,曾达到1R以上MFE后最终止损；只说明需要检查管理，不证明退出错误,入场信号位置待人工判断,,,,
T081,2026_MAY,SELL,A_HEALTHY_FIRST_RESUME,XAUUSD.s|-1|1779948900|1779949200,XAUUSD.s|-1|1779948900|1779949200|A1,1,首次恢复,2026.05.28 08:55:00,2026.05.28 09:00:00,2026.05.28 09:00:00,2026.05.28 12:21:50,M15_BEAR,M5_BULL,WEAKENING,PRIMARY_PULLBACK,OPPOSITE_M5_PAUSE_NO_AUTO_COUNTER,PRIMARY_ALIGNED,HEALTHY,ENTRY_READY,HEALTHY_STRONG_ENGULF_ENTRY_READY,PRELIMINARY,PRIMARY_RECOVERY,2026.05.28 08:10,4395.88,HEALTHY_PULLBACK+FIRST_RECOVERY+STRONG_ENGULF_CLOSE,,4387.95,4397.88,4367.42,9.9300,2.0675,2.0675,4387.9400,-0.0010,5,0.04,39.72,0.4129,0.16,0.00,0.00,4397.88,STOP,-39.72,1.3605,-1.0423,REAL_TICK,1,机械规则通过，需人工看图,Route、生命周期、权限、因果链和去重检查通过,信号时M5状态仍处于反向回调/未翻向，需人工判断恢复位置,计划计算通过,SL/Target方向、风险距离和成交时RR检查通过,PASS,需人工判断回调是否已演变为独立反向趋势,PASS,PASS,PASS,PASS,5/5 PASS,曾达到1R以上MFE后最终止损；只说明需要检查管理，不证明退出错误,入场信号位置待人工判断,,,,
T082,AUGUST,BUY,B_COMPLEX_H2_L2,XAUUSD.s|1|1786041600|1786041900,XAUUSD.s|1|1786041600|1786041900|A2,2,第二次测试,2026.08.06 19:25:00,2026.08.06 19:30:00,2026.08.06 19:30:00,2026.08.07 08:34:29,M15_BULL,M5_BEAR,RESUME,INDEPENDENT_LOCAL_TREND,TACTICAL_SHADOW_REVIEW,PRIMARY_ALIGNED,COMPLEX,ENTRY_READY,SECOND_TEST_SIGNAL_ENTRY_READY,CONFIRMED,PRIMARY_RECOVERY,2026.08.06 18:45,4229.50,COMPLEX_PULLBACK+TRUE_SECOND_TEST+NEW_SIGNAL,,4230.26,4222.66,4275.22,7.6000,5.9158,5.9158,4230.1500,0.0145,5,0.06,45.60,0.4560,0.16,0.00,0.00,4275.22,TARGET,269.76,6.0250,-0.0737,REAL_TICK,1,机械规则通过，需人工看图,Route、生命周期、权限、因果链和去重检查通过,信号时M5状态仍处于反向回调/未翻向，需人工判断恢复位置,计划计算通过,SL/Target方向、风险距离和成交时RR检查通过,PASS,需人工判断回调是否已演变为独立反向趋势,PASS,PASS,PASS,PASS,5/5 PASS,实际目标先触及,入场信号位置待人工判断,,,,
T083,AUGUST,BUY,A_HEALTHY_FIRST_RESUME,XAUUSD.s|1|1786354800|1786356000,XAUUSD.s|1|1786354800|1786356000|A1,1,首次恢复,2026.08.10 12:40:00,2026.08.10 12:45:00,2026.08.10 12:45:00,2026.08.10 13:38:06,M15_BULL,M5_BEAR,RESUME,PRIMARY_PULLBACK,OPPOSITE_M5_PAUSE_NO_AUTO_COUNTER,PRIMARY_ALIGNED,HEALTHY,ENTRY_READY,HEALTHY_FIRST_RECOVERY_ENTRY_READY,PRELIMINARY,PRIMARY_RECOVERY,2026.08.10 12:30,4340.52,HEALTHY_PULLBACK+FIRST_RECOVERY_SIGNAL,,4344.37,4338.52,4356.65,5.8500,2.0991,2.0991,4344.2100,0.0274,5,0.08,46.80,0.4557,0.16,0.00,0.00,4338.52,STOP,-46.80,0.1573,-1.0085,REAL_TICK,1,机械规则通过，需人工看图,Route、生命周期、权限、因果链和去重检查通过,信号时M5状态仍处于反向回调/未翻向，需人工判断恢复位置,计划计算通过,SL/Target方向、风险距离和成交时RR检查通过,PASS,需人工判断回调是否已演变为独立反向趋势,PASS,PASS,PASS,PASS,5/5 PASS,未达到1R MFE即触及结构止损,入场信号位置待人工判断,,,,
T084,AUGUST,BUY,A_HEALTHY_FIRST_RESUME,XAUUSD.s|1|1786447500|1786449000,XAUUSD.s|1|1786447500|1786449000|A1,1,首次恢复,2026.08.11 12:15:00,2026.08.11 12:20:00,2026.08.11 12:20:00,2026.08.11 21:02:25,M15_BULL,M5_BULL,REVERSAL,PRIMARY_ALIGNED,ORDINARY_PAUSED,PRIMARY_ALIGNED,HEALTHY,ENTRY_READY,HEALTHY_FIRST_RECOVERY_ENTRY_READY,CONFIRMED,PRIMARY_RECOVERY,2026.08.11 11:55,4367.55,HEALTHY_PULLBACK+FIRST_RECOVERY_SIGNAL,,4374.05,4365.55,4420.23,8.5000,5.4329,5.4329,4374.1500,-0.0118,5,0.06,51.00,0.4989,0.16,0.00,0.00,4365.55,STOP,-51.00,3.5447,-1.1318,REAL_TICK,1,机械规则通过,Route、生命周期、权限、因果链和去重检查通过,,计划计算通过,SL/Target方向、风险距离和成交时RR检查通过,PASS,无额外状态冲突标记,PASS,PASS,PASS,PASS,5/5 PASS,曾达到2R以上MFE后最终止损；只说明需要检查管理，不证明退出错误,机械规则与计划均通过但亏损,,,,
T085,AUGUST,BUY,A_HEALTHY_FIRST_RESUME,XAUUSD.s|1|1786447500|1786455300,XAUUSD.s|1|1786447500|1786455300|A1,1,首次恢复,2026.08.11 13:45:00,2026.08.11 13:50:00,2026.08.11 13:50:00,2026.08.11 18:36:35,M15_BULL,M5_BULL,PULLBACK,PRIMARY_ALIGNED,PRIMARY_AND_M5_ALIGNED,PRIMARY_ALIGNED,HEALTHY,ENTRY_READY,HEALTHY_STRONG_ENGULF_ENTRY_READY,CONFIRMED,ALIGNED_PULLBACK,2026.08.11 13:40,4376.95,HEALTHY_PULLBACK+FIRST_RECOVERY+STRONG_ENGULF_CLOSE,,4381.27,4374.95,4420.23,6.3200,6.1646,6.1646,4380.9900,0.0443,5,0.08,50.56,0.4946,0.17,0.00,0.00,4374.95,STOP,-50.56,3.6250,-1.0348,REAL_TICK,1,机械规则通过,Route、生命周期、权限、因果链和去重检查通过,,计划计算通过,SL/Target方向、风险距离和成交时RR检查通过,PASS,无额外状态冲突标记,PASS,PASS,PASS,PASS,5/5 PASS,曾达到2R以上MFE后最终止损；只说明需要检查管理，不证明退出错误,机械规则与计划均通过但亏损,,,,
T086,AUGUST,BUY,B_COMPLEX_H2_L2,XAUUSD.s|1|1786587300|1786588500,XAUUSD.s|1|1786587300|1786588500|A2,2,第二次测试,2026.08.13 05:35:00,2026.08.13 05:40:00,2026.08.13 05:40:00,2026.08.13 07:01:15,M15_BULL,M5_BEAR,WEAKENING,INDEPENDENT_LOCAL_TREND,TACTICAL_SHADOW_REVIEW,PRIMARY_ALIGNED,COMPLEX,ENTRY_READY,SECOND_TEST_SIGNAL_ENTRY_READY,PRELIMINARY,PRIMARY_RECOVERY,2026.08.13 04:40,4405.49,COMPLEX_PULLBACK+TRUE_SECOND_TEST+NEW_SIGNAL,,4408.97,4397.02,4441.09,11.9500,2.6879,2.6879,4408.8100,0.0134,5,0.04,47.80,0.4723,0.16,0.00,0.00,4397.02,STOP,-47.80,0.2711,-1.0301,REAL_TICK,1,机械规则通过，需人工看图,Route、生命周期、权限、因果链和去重检查通过,信号时M5状态仍处于反向回调/未翻向，需人工判断恢复位置,计划计算通过,SL/Target方向、风险距离和成交时RR检查通过,PASS,需人工判断回调是否已演变为独立反向趋势,PASS,PASS,PASS,PASS,5/5 PASS,未达到1R MFE即触及结构止损,入场信号位置待人工判断,,,,
T087,AUGUST,BUY,B_COMPLEX_H2_L2,XAUUSD.s|1|1786704000|1786706100,XAUUSD.s|1|1786704000|1786706100|A2,2,第二次测试,2026.08.14 11:50:00,2026.08.14 11:55:00,2026.08.14 11:55:00,2026.08.14 14:50:27,M15_BEAR,M5_BULL,WEAKENING,INDEPENDENT_LOCAL_TREND,TACTICAL_SHADOW_REVIEW,TACTICAL_LOCAL_TREND,COMPLEX,ENTRY_READY,SECOND_TEST_STRONG_ENGULF_ENTRY_READY,PRELIMINARY,TACTICAL_PULLBACK,2026.08.14 11:20,4342.83,COMPLEX_PULLBACK+TRUE_SECOND_TEST+STRONG_ENGULF_CLOSE,,4346.96,4340.83,4363.58,6.1300,2.7113,2.7113,4346.8100,0.0245,5,0.08,49.04,0.4868,0.16,0.00,0.00,4363.58,TARGET,132.96,2.7113,-0.1387,REAL_TICK,1,机械规则通过，需人工看图,Route、生命周期、权限、因果链和去重检查通过,M15与M5分歧的战术局部趋势,计划计算通过,SL/Target方向、风险距离和成交时RR检查通过,PASS,无额外状态冲突标记,PASS,PASS,PASS,PASS,5/5 PASS,实际目标先触及,入场信号位置待人工判断,,,,
T088,AUGUST,BUY,A_HEALTHY_FIRST_RESUME,XAUUSD.s|1|1786955100|1786960800,XAUUSD.s|1|1786955100|1786960800|A1,1,首次恢复,2026.08.17 13:10:00,2026.08.17 13:15:00,2026.08.17 13:15:00,2026.08.17 15:26:36,M15_BULL,M5_BEAR,PULLBACK,INDEPENDENT_LOCAL_TREND,TACTICAL_SHADOW_REVIEW,PRIMARY_ALIGNED,HEALTHY,ENTRY_READY,HEALTHY_STRONG_ENGULF_ENTRY_READY,PRELIMINARY,PRIMARY_RECOVERY,2026.08.17 12:40,4392.56,HEALTHY_PULLBACK+FIRST_RECOVERY+STRONG_ENGULF_CLOSE,,4396.13,4390.55,4411.35,5.5800,2.7276,2.7276,4395.9700,0.0287,5,0.09,50.22,0.4920,0.16,0.00,0.00,4390.55,STOP,-50.22,1.7312,-1.2724,REAL_TICK,1,机械规则通过，需人工看图,Route、生命周期、权限、因果链和去重检查通过,信号时M5状态仍处于反向回调/未翻向，需人工判断恢复位置,计划计算通过,SL/Target方向、风险距离和成交时RR检查通过,PASS,需人工判断回调是否已演变为独立反向趋势,PASS,PASS,PASS,PASS,5/5 PASS,曾达到1R以上MFE后最终止损；只说明需要检查管理，不证明退出错误,入场信号位置待人工判断,,,,
T089,AUGUST,BUY,A_HEALTHY_FIRST_RESUME,XAUUSD.s|1|1787004300|1787004600,XAUUSD.s|1|1787004300|1787004600|A1,1,首次恢复,2026.08.17 22:10:00,2026.08.17 22:15:00,2026.08.17 22:15:00,2026.08.18 03:00:02,M15_BULL,M5_UNCLEAR,WEAKENING,TRANSITION,ORDINARY_PAUSED,PRIMARY_ALIGNED,HEALTHY,ENTRY_READY,HEALTHY_STRONG_ENGULF_ENTRY_READY,PRELIMINARY,PRIMARY_RECOVERY,2026.08.17 22:10,4403.68,HEALTHY_PULLBACK+FIRST_RECOVERY+STRONG_ENGULF_CLOSE,,4408.68,4401.68,4427.64,7.0000,2.7086,2.7086,4408.5100,0.0243,5,0.07,49.00,0.4825,0.14,0.00,0.00,4427.64,TARGET,132.72,3.0243,-0.0214,REAL_TICK,1,机械规则通过，需人工看图,Route、生命周期、权限、因果链和去重检查通过,信号时M5状态仍处于反向回调/未翻向，需人工判断恢复位置,计划计算通过,SL/Target方向、风险距离和成交时RR检查通过,PASS,需人工判断回调是否已演变为独立反向趋势,PASS,PASS,PASS,PASS,5/5 PASS,实际目标先触及,入场信号位置待人工判断,,,,
T090,AUGUST,BUY,B_COMPLEX_H2_L2,XAUUSD.s|1|1787601000|1787601300,XAUUSD.s|1|1787601000|1787601300|A2,2,第二次测试,2026.08.24 21:20:00,2026.08.24 21:25:00,2026.08.24 21:25:00,2026.08.24 21:37:32,M15_BULL,M5_BEAR,WEAKENING,PRIMARY_PULLBACK,OPPOSITE_M5_PAUSE_NO_AUTO_COUNTER,PRIMARY_ALIGNED,COMPLEX,ENTRY_READY,SECOND_TEST_STRONG_ENGULF_ENTRY_READY,PRELIMINARY,PRIMARY_RECOVERY,2026.08.24 19:55,4641.76,COMPLEX_PULLBACK+TRUE_SECOND_TEST+STRONG_ENGULF_CLOSE,,4636.46,4628.44,4662.24,8.0200,3.2145,3.2145,4636.4200,0.0050,5,0.06,48.12,0.4677,0.16,0.00,0.00,4628.44,STOP,-48.12,0.7157,-1.0399,REAL_TICK,1,机械规则通过，需人工看图,Route、生命周期、权限、因果链和去重检查通过,信号时M5状态仍处于反向回调/未翻向，需人工判断恢复位置,计划计算通过,SL/Target方向、风险距离和成交时RR检查通过,PASS,需人工判断回调是否已演变为独立反向趋势,PASS,PASS,PASS,PASS,5/5 PASS,未达到1R MFE即触及结构止损,入场信号位置待人工判断,,,,
T091,AUGUST,BUY,B_COMPLEX_H2_L2,XAUUSD.s|1|1787629800|1787630100,XAUUSD.s|1|1787629800|1787630100|A2,2,第二次测试,2026.08.25 06:05:00,2026.08.25 06:10:00,2026.08.25 06:10:00,2026.08.25 07:29:07,M15_BULL,M5_BEAR,PULLBACK,PRIMARY_PULLBACK,OPPOSITE_M5_PAUSE_NO_AUTO_COUNTER,PRIMARY_ALIGNED,COMPLEX,ENTRY_READY,SECOND_TEST_SIGNAL_ENTRY_READY,CONFIRMED,PRIMARY_RECOVERY,2026.08.25 03:55,4638.45,COMPLEX_PULLBACK+TRUE_SECOND_TEST+NEW_SIGNAL,,4635.37,4629.02,4696.65,6.3500,9.6504,9.6504,4635.4200,-0.0079,5,0.08,50.80,0.4960,0.16,0.00,0.00,4629.02,STOP,-50.80,0.9528,-1.0094,REAL_TICK,1,机械规则通过，需人工看图,Route、生命周期、权限、因果链和去重检查通过,信号时M5状态仍处于反向回调/未翻向，需人工判断恢复位置,计划计算通过,SL/Target方向、风险距离和成交时RR检查通过,PASS,需人工判断回调是否已演变为独立反向趋势,PASS,PASS,PASS,PASS,5/5 PASS,未达到1R MFE即触及结构止损,入场信号位置待人工判断,,,,
T092,AUGUST,SELL,A_HEALTHY_FIRST_RESUME,XAUUSD.s|-1|1787766600|1787768100,XAUUSD.s|-1|1787766600|1787768100|A1,1,首次恢复,2026.08.26 18:50:00,2026.08.26 18:55:00,2026.08.26 18:55:00,2026.08.27 01:18:18,M15_BEAR,M5_BULL,PULLBACK,PRIMARY_PULLBACK,OPPOSITE_M5_PAUSE_NO_AUTO_COUNTER,PRIMARY_ALIGNED,HEALTHY,ENTRY_READY,HEALTHY_STRONG_ENGULF_ENTRY_READY,PRELIMINARY,PRIMARY_RECOVERY,2026.08.26 18:35,4609.27,HEALTHY_PULLBACK+FIRST_RECOVERY+STRONG_ENGULF_CLOSE,,4600.47,4611.27,4573.37,10.8000,2.5093,2.5093,4600.4500,-0.0019,5,0.04,43.20,0.4239,0.17,0.00,0.00,4611.27,STOP,-43.20,1.5056,-1.0157,REAL_TICK,1,机械规则通过，需人工看图,Route、生命周期、权限、因果链和去重检查通过,信号时M5状态仍处于反向回调/未翻向，需人工判断恢复位置,计划计算通过,SL/Target方向、风险距离和成交时RR检查通过,PASS,需人工判断回调是否已演变为独立反向趋势,PASS,PASS,PASS,PASS,5/5 PASS,曾达到1R以上MFE后最终止损；只说明需要检查管理，不证明退出错误,入场信号位置待人工判断,,,,
T093,AUGUST,SELL,A_HEALTHY_FIRST_RESUME,XAUUSD.s|-1|1787815500|1787816400,XAUUSD.s|-1|1787815500|1787816400|A1,1,首次恢复,2026.08.27 08:25:00,2026.08.27 08:30:00,2026.08.27 08:30:00,2026.08.27 09:02:00,M15_BEAR,M5_RANGE,WEAKENING,TRANSITION,ORDINARY_PAUSED,PRIMARY_ALIGNED,HEALTHY,ENTRY_READY,HEALTHY_STRONG_ENGULF_ENTRY_READY,PRELIMINARY,PRIMARY_RECOVERY,2026.08.27 08:15,4621.50,HEALTHY_PULLBACK+FIRST_RECOVERY+STRONG_ENGULF_CLOSE,,4617.21,4623.50,4600.56,6.2900,2.6471,2.6471,4617.2100,-0.0000,5,0.08,50.32,0.4959,0.18,0.00,0.00,4600.56,TARGET,133.20,2.6836,-0.4404,REAL_TICK,1,机械规则通过，需人工看图,Route、生命周期、权限、因果链和去重检查通过,信号时M5状态仍处于反向回调/未翻向，需人工判断恢复位置,计划计算通过,SL/Target方向、风险距离和成交时RR检查通过,PASS,需人工判断回调是否已演变为独立反向趋势,PASS,PASS,PASS,PASS,5/5 PASS,实际目标先触及,入场信号位置待人工判断,,,,
T094,AUGUST,SELL,A_HEALTHY_FIRST_RESUME,XAUUSD.s|-1|1787834100|1787835900,XAUUSD.s|-1|1787834100|1787835900|A1,1,首次恢复,2026.08.27 14:45:00,2026.08.27 14:50:00,2026.08.27 14:50:00,2026.08.27 16:48:29,M15_BEAR,M5_BULL,WEAKENING,PRIMARY_PULLBACK,OPPOSITE_M5_PAUSE_NO_AUTO_COUNTER,PRIMARY_ALIGNED,HEALTHY,ENTRY_READY,HEALTHY_FIRST_RECOVERY_ENTRY_READY,PRELIMINARY,PRIMARY_RECOVERY,2026.08.27 13:50,4599.74,HEALTHY_PULLBACK+FIRST_RECOVERY_SIGNAL,,4595.29,4601.74,4569.06,6.4500,4.0667,4.0667,4595.2500,-0.0062,5,0.07,45.15,0.4392,0.16,0.00,0.00,4569.06,TARGET,183.61,4.1054,-0.9287,REAL_TICK,1,机械规则通过，需人工看图,Route、生命周期、权限、因果链和去重检查通过,信号时M5状态仍处于反向回调/未翻向，需人工判断恢复位置,计划计算通过,SL/Target方向、风险距离和成交时RR检查通过,PASS,需人工判断回调是否已演变为独立反向趋势,PASS,PASS,PASS,PASS,5/5 PASS,实际目标先触及,入场信号位置待人工判断,,,,
T095,AUGUST,SELL,A_HEALTHY_FIRST_RESUME,XAUUSD.s|-1|1787834100|1787845800,XAUUSD.s|-1|1787834100|1787845800|A1,1,首次恢复,2026.08.27 18:20:00,2026.08.27 18:25:00,2026.08.27 18:25:00,2026.08.27 18:40:12,M15_BEAR,M5_BULL,WEAKENING,INDEPENDENT_LOCAL_TREND,TACTICAL_SHADOW_REVIEW,PRIMARY_ALIGNED,HEALTHY,ENTRY_READY,HEALTHY_STRONG_ENGULF_ENTRY_READY,PRELIMINARY,PRIMARY_RECOVERY,2026.08.27 18:15,4597.95,HEALTHY_PULLBACK+FIRST_RECOVERY+STRONG_ENGULF_CLOSE,,4590.43,4600.22,4569.06,9.7900,2.1828,2.1828,4590.3400,-0.0092,5,0.05,48.95,0.4678,0.16,0.00,0.00,4600.22,STOP,-48.95,0.1471,-1.2002,REAL_TICK,1,机械规则通过，需人工看图,Route、生命周期、权限、因果链和去重检查通过,信号时M5状态仍处于反向回调/未翻向，需人工判断恢复位置,计划计算通过,SL/Target方向、风险距离和成交时RR检查通过,PASS,需人工判断回调是否已演变为独立反向趋势,PASS,PASS,PASS,PASS,5/5 PASS,未达到1R MFE即触及结构止损,入场信号位置待人工判断,,,,
T096,AUGUST,SELL,A_HEALTHY_FIRST_RESUME,XAUUSD.s|-1|1787864400|1787864700,XAUUSD.s|-1|1787864400|1787864700|A1,1,首次恢复,2026.08.27 21:20:00,2026.08.27 21:25:00,2026.08.27 21:25:00,2026.08.27 21:52:47,M15_BEAR,M5_BEAR,RESUME,PRIMARY_ALIGNED,PRIMARY_AND_M5_ALIGNED,PRIMARY_ALIGNED,HEALTHY,ENTRY_READY,HEALTHY_FIRST_RECOVERY_ENTRY_READY,CONFIRMED,ALIGNED_PULLBACK,2026.08.27 21:15,4607.93,HEALTHY_PULLBACK+FIRST_RECOVERY_SIGNAL,,4603.48,4610.01,4569.06,6.5300,5.2711,5.2711,4603.5000,0.0031,5,0.07,45.71,0.4389,0.16,0.00,0.00,4610.01,STOP,-45.71,0.3568,-1.0061,REAL_TICK,1,机械规则通过,Route、生命周期、权限、因果链和去重检查通过,,计划计算通过,SL/Target方向、风险距离和成交时RR检查通过,PASS,无额外状态冲突标记,PASS,PASS,PASS,PASS,5/5 PASS,未达到1R MFE即触及结构止损,机械规则与计划均通过但亏损,,,,
T097,AUGUST,SELL,B_COMPLEX_H2_L2,XAUUSD.s|-1|1787909400|1787909700,XAUUSD.s|-1|1787909400|1787909700|A2,2,第二次测试,2026.08.28 11:15:00,2026.08.28 11:20:00,2026.08.28 11:20:00,2026.08.28 16:57:35,M15_BEAR,M5_BULL,WEAKENING,INDEPENDENT_LOCAL_TREND,TACTICAL_SHADOW_REVIEW,PRIMARY_ALIGNED,COMPLEX,ENTRY_READY,SECOND_TEST_STRONG_ENGULF_ENTRY_READY,PRELIMINARY,PRIMARY_RECOVERY,2026.08.28 09:35,4614.58,COMPLEX_PULLBACK+TRUE_SECOND_TEST+STRONG_ENGULF_CLOSE,,4609.37,4616.58,4571.64,7.2100,5.2330,5.2330,4609.3400,-0.0042,5,0.07,50.47,0.4867,0.16,0.00,0.00,4616.58,STOP,-50.47,2.7975,-1.0097,REAL_TICK,1,机械规则通过，需人工看图,Route、生命周期、权限、因果链和去重检查通过,信号时M5状态仍处于反向回调/未翻向，需人工判断恢复位置,计划计算通过,SL/Target方向、风险距离和成交时RR检查通过,PASS,需人工判断回调是否已演变为独立反向趋势,PASS,PASS,PASS,PASS,5/5 PASS,曾达到2R以上MFE后最终止损；只说明需要检查管理，不证明退出错误,入场信号位置待人工判断,,,,
T098,AUGUST,SELL,A_HEALTHY_FIRST_RESUME,XAUUSD.s|-1|1787917200|1787925300,XAUUSD.s|-1|1787917200|1787925300|A1,1,首次恢复,2026.08.28 14:05:00,2026.08.28 14:10:00,2026.08.28 14:10:00,2026.08.28 15:25:54,M15_BEAR,M5_BEAR,IMPULSE,PRIMARY_ALIGNED,PRIMARY_AND_M5_ALIGNED,PRIMARY_ALIGNED,HEALTHY,ENTRY_READY,HEALTHY_FIRST_RECOVERY_ENTRY_READY,CONFIRMED,ALIGNED_PULLBACK,2026.08.28 14:00,4601.31,HEALTHY_PULLBACK+FIRST_RECOVERY_SIGNAL,,4595.99,4603.31,4571.64,7.3200,3.3265,3.3265,4595.8200,-0.0232,5,0.07,51.24,0.4942,0.17,0.00,0.00,4603.31,STOP,-51.24,0.6831,-1.0027,REAL_TICK,1,机械规则通过,Route、生命周期、权限、因果链和去重检查通过,,计划计算通过,SL/Target方向、风险距离和成交时RR检查通过,PASS,无额外状态冲突标记,PASS,PASS,PASS,PASS,5/5 PASS,未达到1R MFE即触及结构止损,机械规则与计划均通过但亏损,,,,
T099,AUGUST,SELL,B_COMPLEX_H2_L2,XAUUSD.s|-1|1788179100|1788179400,XAUUSD.s|-1|1788179100|1788179400|A2,2,第二次测试,2026.08.31 14:35:00,2026.08.31 14:40:00,2026.08.31 14:40:00,2026.08.31 15:06:54,M15_BEAR,M5_BULL,RESUME,INDEPENDENT_LOCAL_TREND,TACTICAL_SHADOW_REVIEW,PRIMARY_ALIGNED,COMPLEX,ENTRY_READY,SECOND_TEST_STRONG_ENGULF_ENTRY_READY,PRELIMINARY,PRIMARY_RECOVERY,2026.08.31 12:30,4457.56,COMPLEX_PULLBACK+TRUE_SECOND_TEST+STRONG_ENGULF_CLOSE,,4455.67,4460.48,4435.20,4.8100,4.2557,4.2557,4455.6700,-0.0000,5,0.10,48.10,0.4685,0.16,0.00,0.00,4460.48,STOP,-48.10,0.6133,-1.0000,REAL_TICK,1,机械规则通过，需人工看图,Route、生命周期、权限、因果链和去重检查通过,信号时M5状态仍处于反向回调/未翻向，需人工判断恢复位置,计划计算通过,SL/Target方向、风险距离和成交时RR检查通过,PASS,需人工判断回调是否已演变为独立反向趋势,PASS,PASS,PASS,PASS,5/5 PASS,未达到1R MFE即触及结构止损,入场信号位置待人工判断,,,,
