trade_id,month,opportunity_id,setup_id,candidate_match_count,combined_trade_match_count,duplicate_fill,status
T001,2025_MARCH,XAUUSD.s|1|1741232100|1741237200|A1,XAUUSD.s|1|1741232100|1741237200,1,1,NO,PASS
T002,2025_MARCH,XAUUSD.s|1|1741267800|1741268100|A1,XAUUSD.s|1|1741267800|1741268100,1,1,NO,PASS
T003,2025_MARCH,XAUUSD.s|1|1742964000|1742967000|A1,XAUUSD.s|1|1742964000|1742967000,1,1,NO,PASS
T004,2025_MARCH,XAUUSD.s|1|1742964000|1742967000|A2,XAUUSD.s|1|1742964000|1742967000,1,1,NO,PASS
T005,2025_MARCH,XAUUSD.s|1|1742995200|1742995800|A1,XAUUSD.s|1|1742995200|1742995800,1,1,NO,PASS
T006,2025_MARCH,XAUUSD.s|1|1743080100|1743083400|A1,XAUUSD.s|1|1743080100|1743083400,1,1,NO,PASS
T007,2025_APRIL,XAUUSD.s|-1|1744055100|1744056600|A1,XAUUSD.s|-1|1744055100|1744056600,1,1,NO,PASS
T008,2025_APRIL,XAUUSD.s|1|1744069200|1744069500|A1,XAUUSD.s|1|1744069200|1744069500,1,1,NO,PASS
T009,2025_APRIL,XAUUSD.s|-1|1744108500|1744115400|A2,XAUUSD.s|-1|1744108500|1744115400,1,1,NO,PASS
T010,2025_APRIL,XAUUSD.s|1|1744874700|1744875000|A2,XAUUSD.s|1|1744874700|1744875000,1,1,NO,PASS
T011,2025_APRIL,XAUUSD.s|-1|1745412900|1745413200|A1,XAUUSD.s|-1|1745412900|1745413200,1,1,NO,PASS
T012,2025_APRIL,XAUUSD.s|-1|1745426100|1745426400|A1,XAUUSD.s|-1|1745426100|1745426400,1,1,NO,PASS
T013,2025_APRIL,XAUUSD.s|-1|1745439900|1745440800|A1,XAUUSD.s|-1|1745439900|1745440800,1,1,NO,PASS
T014,2025_APRIL,XAUUSD.s|-1|1745472900|1745473500|A1,XAUUSD.s|-1|1745472900|1745473500,1,1,NO,PASS
T015,2025_APRIL,XAUUSD.s|-1|1745619000|1745619300|A2,XAUUSD.s|-1|1745619000|1745619300,1,1,NO,PASS
T016,2025_APRIL,XAUUSD.s|-1|1745848500|1745848800|A1,XAUUSD.s|-1|1745848500|1745848800,1,1,NO,PASS
T017,2025_APRIL,XAUUSD.s|-1|1745859900|1745860200|A2,XAUUSD.s|-1|1745859900|1745860200,1,1,NO,PASS
T018,2025_APRIL,XAUUSD.s|-1|1745869800|1745870100|A2,XAUUSD.s|-1|1745869800|1745870100,1,1,NO,PASS
T019,2025_APRIL,XAUUSD.s|1|1745995500|1745995800|A2,XAUUSD.s|1|1745995500|1745995800,1,1,NO,PASS
T020,2025_SEPTEMBER,XAUUSD.s|1|1756805700|1756806000|A1,XAUUSD.s|1|1756805700|1756806000,1,1,NO,PASS
T021,2025_SEPTEMBER,XAUUSD.s|1|1756862700|1756863000|A1,XAUUSD.s|1|1756862700|1756863000,1,1,NO,PASS
T022,2025_SEPTEMBER,XAUUSD.s|1|1756867800|1756868100|A1,XAUUSD.s|1|1756867800|1756868100,1,1,NO,PASS
T023,2025_SEPTEMBER,XAUUSD.s|1|1756977600|1757009400|A1,XAUUSD.s|1|1756977600|1757009400,1,1,NO,PASS
T024,2025_SEPTEMBER,XAUUSD.s|1|1757315100|1757315400|A2,XAUUSD.s|1|1757315100|1757315400,1,1,NO,PASS
T025,2025_SEPTEMBER,XAUUSD.s|1|1757434800|1757436600|A2,XAUUSD.s|1|1757434800|1757436600,1,1,NO,PASS
T026,2025_SEPTEMBER,XAUUSD.s|-1|1757441400|1757442000|A1,XAUUSD.s|-1|1757441400|1757442000,1,1,NO,PASS
T027,2025_SEPTEMBER,XAUUSD.s|-1|1757916600|1757916900|A1,XAUUSD.s|-1|1757916600|1757916900,1,1,NO,PASS
T028,2025_SEPTEMBER,XAUUSD.s|-1|1757937300|1757937600|A1,XAUUSD.s|-1|1757937300|1757937600,1,1,NO,PASS
T029,2025_SEPTEMBER,XAUUSD.s|-1|1757950200|1757950500|A2,XAUUSD.s|-1|1757950200|1757950500,1,1,NO,PASS
T030,2025_SEPTEMBER,XAUUSD.s|1|1758039900|1758051300|A1,XAUUSD.s|1|1758039900|1758051300,1,1,NO,PASS
T031,2025_SEPTEMBER,XAUUSD.s|1|1758087900|1758088500|A1,XAUUSD.s|1|1758087900|1758088500,1,1,NO,PASS
T032,2025_SEPTEMBER,XAUUSD.s|-1|1758268200|1758268500|A2,XAUUSD.s|-1|1758268200|1758268500,1,1,NO,PASS
T033,2025_SEPTEMBER,XAUUSD.s|-1|1758636600|1758664800|A1,XAUUSD.s|-1|1758636600|1758664800,1,1,NO,PASS
T034,2026_MARCH,XAUUSD.s|1|1772503800|1772505000|A1,XAUUSD.s|1|1772503800|1772505000,1,1,NO,PASS
T035,2026_MARCH,XAUUSD.s|-1|1772667000|1772667300|A2,XAUUSD.s|-1|1772667000|1772667300,1,1,NO,PASS
T036,2026_MARCH,XAUUSD.s|-1|1772693100|1772704500|A1,XAUUSD.s|-1|1772693100|1772704500,1,1,NO,PASS
T037,2026_MARCH,XAUUSD.s|-1|1772780700|1772781000|A1,XAUUSD.s|-1|1772780700|1772781000,1,1,NO,PASS
T038,2026_MARCH,XAUUSD.s|-1|1772822100|1772822400|A1,XAUUSD.s|-1|1772822100|1772822400,1,1,NO,PASS
T039,2026_MARCH,XAUUSD.s|-1|1772822100|1772822400|A2,XAUUSD.s|-1|1772822100|1772822400,1,1,NO,PASS
T040,2026_MARCH,XAUUSD.s|-1|1773122100|1773122400|A1,XAUUSD.s|-1|1773122100|1773122400,1,1,NO,PASS
T041,2026_MARCH,XAUUSD.s|1|1773198900|1773220500|A1,XAUUSD.s|1|1773198900|1773220500,1,1,NO,PASS
T042,2026_MARCH,XAUUSD.s|1|1773248400|1773250200|A1,XAUUSD.s|1|1773248400|1773250200,1,1,NO,PASS
T043,2026_MARCH,XAUUSD.s|-1|1773377700|1773378000|A1,XAUUSD.s|-1|1773377700|1773378000,1,1,NO,PASS
T044,2026_MARCH,XAUUSD.s|-1|1773386400|1773389700|A1,XAUUSD.s|-1|1773386400|1773389700,1,1,NO,PASS
T045,2026_MARCH,XAUUSD.s|-1|1773386400|1773391500|A1,XAUUSD.s|-1|1773386400|1773391500,1,1,NO,PASS
T046,2026_MARCH,XAUUSD.s|-1|1773634200|1773634500|A1,XAUUSD.s|-1|1773634200|1773634500,1,1,NO,PASS
T047,2026_MARCH,XAUUSD.s|-1|1773634200|1773642300|A1,XAUUSD.s|-1|1773634200|1773642300,1,1,NO,PASS
T048,2026_MARCH,XAUUSD.s|-1|1773673800|1773674100|A1,XAUUSD.s|-1|1773673800|1773674100,1,1,NO,PASS
T049,2026_MARCH,XAUUSD.s|-1|1773681000|1773681300|A1,XAUUSD.s|-1|1773681000|1773681300,1,1,NO,PASS
T050,2026_MARCH,XAUUSD.s|-1|1773701400|1773701700|A1,XAUUSD.s|-1|1773701400|1773701700,1,1,NO,PASS
T051,2026_MARCH,XAUUSD.s|-1|1773771900|1773772800|A1,XAUUSD.s|-1|1773771900|1773772800,1,1,NO,PASS
T052,2026_MARCH,XAUUSD.s|-1|1773957300|1773957600|A1,XAUUSD.s|-1|1773957300|1773957600,1,1,NO,PASS
T053,2026_MARCH,XAUUSD.s|-1|1773983100|1773983400|A2,XAUUSD.s|-1|1773983100|1773983400,1,1,NO,PASS
T054,2026_MARCH,XAUUSD.s|-1|1773993600|1773994200|A1,XAUUSD.s|-1|1773993600|1773994200,1,1,NO,PASS
T055,2026_MARCH,XAUUSD.s|-1|1774009800|1774010100|A1,XAUUSD.s|-1|1774009800|1774010100,1,1,NO,PASS
T056,2026_MARCH,XAUUSD.s|-1|1774303800|1774335300|A1,XAUUSD.s|-1|1774303800|1774335300,1,1,NO,PASS
T057,2026_MARCH,XAUUSD.s|-1|1774349100|1774349400|A1,XAUUSD.s|-1|1774349100|1774349400,1,1,NO,PASS
T058,2026_MARCH,XAUUSD.s|-1|1774418400|1774420500|A1,XAUUSD.s|-1|1774418400|1774420500,1,1,NO,PASS
T059,2026_MARCH,XAUUSD.s|-1|1774418400|1774421400|A1,XAUUSD.s|-1|1774418400|1774421400,1,1,NO,PASS
T060,2026_MARCH,XAUUSD.s|-1|1774490400|1774503600|A1,XAUUSD.s|-1|1774490400|1774503600,1,1,NO,PASS
T061,2026_MARCH,XAUUSD.s|-1|1774584600|1774584900|A2,XAUUSD.s|-1|1774584600|1774584900,1,1,NO,PASS
T062,2026_MARCH,XAUUSD.s|-1|1774640100|1774641300|A1,XAUUSD.s|-1|1774640100|1774641300,1,1,NO,PASS
T063,2026_MARCH,XAUUSD.s|-1|1774640100|1774643400|A1,XAUUSD.s|-1|1774640100|1774643400,1,1,NO,PASS
T064,2026_MARCH,XAUUSD.s|-1|1774640100|1774652700|A1,XAUUSD.s|-1|1774640100|1774652700,1,1,NO,PASS
T065,2026_MARCH,XAUUSD.s|-1|1774854300|1774855200|A1,XAUUSD.s|-1|1774854300|1774855200,1,1,NO,PASS
T066,2026_MARCH,XAUUSD.s|-1|1774888800|1774899000|A1,XAUUSD.s|-1|1774888800|1774899000,1,1,NO,PASS
T067,2026_MARCH,XAUUSD.s|-1|1774935900|1774938300|A1,XAUUSD.s|-1|1774935900|1774938300,1,1,NO,PASS
T068,2026_MARCH,XAUUSD.s|-1|1774982100|1774982400|A2,XAUUSD.s|-1|1774982100|1774982400,1,1,NO,PASS
T069,2026_MAY,XAUUSD.s|1|1777625100|1777625400|A2,XAUUSD.s|1|1777625100|1777625400,1,1,NO,PASS
T070,2026_MAY,XAUUSD.s|1|1777632000|1777632300|A2,XAUUSD.s|1|1777632000|1777632300,1,1,NO,PASS
T071,2026_MAY,XAUUSD.s|1|1777673400|1777673400|A1,XAUUSD.s|1|1777673400|1777673400,1,1,NO,PASS
T072,2026_MAY,XAUUSD.s|1|1778177400|1778177700|A2,XAUUSD.s|1|1778177400|1778177700,1,1,NO,PASS
T073,2026_MAY,XAUUSD.s|1|1778221800|1778231100|A1,XAUUSD.s|1|1778221800|1778231100,1,1,NO,PASS
T074,2026_MAY,XAUUSD.s|-1|1778576400|1778575200|A1,XAUUSD.s|-1|1778576400|1778575200,1,1,NO,PASS
T075,2026_MAY,XAUUSD.s|-1|1778576400|1778578200|A1,XAUUSD.s|-1|1778576400|1778578200,1,1,NO,PASS
T076,2026_MAY,XAUUSD.s|-1|1779148200|1779148500|A2,XAUUSD.s|-1|1779148200|1779148500,1,1,NO,PASS
T077,2026_MAY,XAUUSD.s|-1|1779223500|1779224100|A1,XAUUSD.s|-1|1779223500|1779224100,1,1,NO,PASS
T078,2026_MAY,XAUUSD.s|1|1779483600|1779483900|A1,XAUUSD.s|1|1779483600|1779483900,1,1,NO,PASS
T079,2026_MAY,XAUUSD.s|1|1779762300|1779762600|A2,XAUUSD.s|1|1779762300|1779762600,1,1,NO,PASS
T080,2026_MAY,XAUUSD.s|1|1779773400|1779773700|A2,XAUUSD.s|1|1779773400|1779773700,1,1,NO,PASS
T081,2026_MAY,XAUUSD.s|-1|1779948900|1779949200|A1,XAUUSD.s|-1|1779948900|1779949200,1,1,NO,PASS
T082,AUGUST,XAUUSD.s|1|1786041600|1786041900|A2,XAUUSD.s|1|1786041600|1786041900,1,1,NO,PASS
T083,AUGUST,XAUUSD.s|1|1786354800|1786356000|A1,XAUUSD.s|1|1786354800|1786356000,1,1,NO,PASS
T084,AUGUST,XAUUSD.s|1|1786447500|1786449000|A1,XAUUSD.s|1|1786447500|1786449000,1,1,NO,PASS
T085,AUGUST,XAUUSD.s|1|1786447500|1786455300|A1,XAUUSD.s|1|1786447500|1786455300,1,1,NO,PASS
T086,AUGUST,XAUUSD.s|1|1786587300|1786588500|A2,XAUUSD.s|1|1786587300|1786588500,1,1,NO,PASS
T087,AUGUST,XAUUSD.s|1|1786704000|1786706100|A2,XAUUSD.s|1|1786704000|1786706100,1,1,NO,PASS
T088,AUGUST,XAUUSD.s|1|1786955100|1786960800|A1,XAUUSD.s|1|1786955100|1786960800,1,1,NO,PASS
T089,AUGUST,XAUUSD.s|1|1787004300|1787004600|A1,XAUUSD.s|1|1787004300|1787004600,1,1,NO,PASS
T090,AUGUST,XAUUSD.s|1|1787601000|1787601300|A2,XAUUSD.s|1|1787601000|1787601300,1,1,NO,PASS
T091,AUGUST,XAUUSD.s|1|1787629800|1787630100|A2,XAUUSD.s|1|1787629800|1787630100,1,1,NO,PASS
T092,AUGUST,XAUUSD.s|-1|1787766600|1787768100|A1,XAUUSD.s|-1|1787766600|1787768100,1,1,NO,PASS
T093,AUGUST,XAUUSD.s|-1|1787815500|1787816400|A1,XAUUSD.s|-1|1787815500|1787816400,1,1,NO,PASS
T094,AUGUST,XAUUSD.s|-1|1787834100|1787835900|A1,XAUUSD.s|-1|1787834100|1787835900,1,1,NO,PASS
T095,AUGUST,XAUUSD.s|-1|1787834100|1787845800|A1,XAUUSD.s|-1|1787834100|1787845800,1,1,NO,PASS
T096,AUGUST,XAUUSD.s|-1|1787864400|1787864700|A1,XAUUSD.s|-1|1787864400|1787864700,1,1,NO,PASS
T097,AUGUST,XAUUSD.s|-1|1787909400|1787909700|A2,XAUUSD.s|-1|1787909400|1787909700,1,1,NO,PASS
T098,AUGUST,XAUUSD.s|-1|1787917200|1787925300|A1,XAUUSD.s|-1|1787917200|1787925300,1,1,NO,PASS
T099,AUGUST,XAUUSD.s|-1|1788179100|1788179400|A2,XAUUSD.s|-1|1788179100|1788179400,1,1,NO,PASS
